id,marca,modelo,ano,combustivel,cambio,cor,condicao,quilometragem,motor,portas,carroceria,qtd_donos,preco
1,Honda,Civic,2023,Etanol,Manual,Azul,Seminovo,159794,2.0,2,Hatch,1,62286
2,Chevrolet,Cruze,2020,Flex,Automático,Azul,Usado,62787,2.4,4,Picape,1,59308
3,Nissan,Sentra,2016,Gasolina,CVT,Prata,Seminovo,30353,1.8,4,Picape,3,35000
4,Renault,Kwid,2018,Gasolina,Manual,Azul,Usado,156349,1.5,2,SUV,1,49160
5,Chevrolet,Tracker,2013,Híbrido,CVT,Cinza,Seminovo,47638,1.8,4,SUV,2,35000
6,Volkswagen,Gol,2021,Flex,Automático,Preto,Seminovo,75765,3.0,2,Picape,3,65770
7,Chevrolet,Onix,2024,Flex,Manual,Preto,Usado,60738,2.4,4,SUV,4,80921
8,Volkswagen,Polo,2015,Flex,Automático,Azul,Usado,99895,1.5,2,Picape,4,35000
9,Toyota,Corolla,2014,Flex,Automático,Cinza,Usado,105039,2.4,4,Picape,1,39987
10,Honda,HR-V,2024,Flex,Manual,Cinza,Seminovo,194292,1.6,2,Hatch,1,78845
11,Volkswagen,Polo,2014,Flex,Manual,Vermelho,Usado,133085,1.0,2,SUV,3,35000
12,Chevrolet,Onix,2015,Híbrido,CVT,Branco,Usado,204387,3.0,2,Hatch,2,42267
13,Renault,Sandero,2016,Flex,Automático,Preto,Usado,191895,1.6,4,Sedã,3,35000
14,Fiat,Mobi,2013,Etanol,Manual,Branco,Usado,159256,1.5,2,Sedã,1,35000
15,Toyota,Yaris,2013,Híbrido,CVT,Branco,Usado,180368,2.4,2,SUV,2,35000
16,Jeep,Wrangler,2015,Diesel,CVT,Preto,Seminovo,97876,2.0,4,Picape,4,44059
17,Toyota,Corolla,2012,Flex,Manual,Branco,Seminovo,145584,2.4,2,Sedã,4,35000
18,Volkswagen,Virtus,2015,Híbrido,Manual,Vermelho,Seminovo,29448,1.5,2,Hatch,4,37057
19,Renault,Sandero,2025,Flex,Manual,Cinza,Novo,0,1.6,4,Picape,0,88747
20,Nissan,March,2014,Gasolina,Manual,Branco,Usado,201077,1.8,2,Hatch,1,35000
21,Renault,Sandero,2012,Elétrico,Manual,Preto,Novo,0,1.5,4,Hatch,0,35000
22,Jeep,Compass,2021,Flex,Automático,Cinza,Usado,73358,1.5,4,SUV,2,59334
23,Nissan,Kicks,2022,Flex,Automático,Branco,Novo,0,1.3,2,Hatch,0,76776
24,Volkswagen,Polo,2017,Híbrido,CVT,Prata,Seminovo,147401,1.6,2,Picape,3,45344
25,Honda,Fit,2016,Gasolina,Manual,Vermelho,Seminovo,163552,1.5,4,SUV,2,38442
26,Volkswagen,Virtus,2016,Híbrido,CVT,Branco,Usado,16557,1.0,4,SUV,2,44051
27,Volkswagen,Polo,2023,Flex,Automático,Vermelho,Novo,0,1.4,2,Hatch,0,78698
28,Jeep,Compass,2018,Gasolina,Manual,Branco,Usado,183799,1.5,2,Sedã,3,43642
29,Nissan,Kicks,2015,Híbrido,CVT,Preto,Usado,52018,1.8,4,Hatch,2,35000
30,Ford,Ka,2018,Híbrido,CVT,Preto,Seminovo,96660,1.6,2,Picape,2,35000
31,Chevrolet,S10,2017,Etanol,Manual,Prata,Seminovo,183131,3.0,4,Picape,1,37128
32,Volkswagen,Polo,2021,Elétrico,Manual,Branco,Usado,195983,1.8,4,SUV,1,56143
33,Jeep,Compass,2016,Gasolina,Automático,Vermelho,Usado,100478,2.0,2,Sedã,3,45880
34,Hyundai,HB20,2023,Híbrido,Automático,Azul,Seminovo,187769,1.6,2,Picape,2,67155
35,Nissan,Kicks,2021,Flex,Automático,Branco,Seminovo,117692,1.8,4,Sedã,4,64272
36,Chevrolet,S10,2024,Híbrido,Automático,Preto,Usado,140122,1.8,2,SUV,2,86536
37,Volkswagen,Polo,2024,Gasolina,Manual,Preto,Usado,124384,2.0,2,Hatch,4,83748
38,Nissan,Kicks,2014,Flex,Manual,Branco,Usado,51107,3.0,4,Sedã,1,45676
39,Chevrolet,Onix,2019,Gasolina,Automático,Vermelho,Usado,202984,2.4,4,SUV,4,42576
40,Renault,Logan,2016,Diesel,CVT,Prata,Usado,169298,1.5,4,Picape,4,35000
41,Volkswagen,Polo,2016,Flex,CVT,Branco,Seminovo,105410,1.4,2,Sedã,1,35000
42,Nissan,Sentra,2020,Flex,Manual,Cinza,Seminovo,205696,2.0,4,Hatch,1,50570
43,Volkswagen,Virtus,2025,Híbrido,CVT,Vermelho,Usado,132986,1.5,4,Sedã,4,83774
44,Toyota,Etios,2017,Flex,Automático,Azul,Seminovo,38456,3.0,2,Picape,4,64318
45,Jeep,Renegade,2013,Flex,Manual,Cinza,Seminovo,104379,1.8,2,SUV,4,35000
46,Hyundai,i30,2016,Diesel,CVT,Prata,Usado,10081,3.0,2,Picape,3,49040
47,Honda,Civic,2024,Gasolina,Manual,Branco,Usado,38088,2.4,2,Sedã,2,93290
48,Volkswagen,T-Cross,2014,Flex,CVT,Azul,Seminovo,86536,1.3,2,Sedã,3,35000
49,Nissan,March,2023,Gasolina,Automático,Azul,Seminovo,184374,1.3,2,SUV,3,68406
50,Nissan,Sentra,2013,Flex,Manual,Cinza,Usado,118645,1.8,4,Hatch,2,35000
51,Ford,Ranger,2021,Diesel,Automático,Cinza,Seminovo,89490,1.5,2,SUV,3,64111
52,Chevrolet,S10,2021,Flex,Automático,Branco,Seminovo,52668,2.4,2,SUV,3,68851
53,Hyundai,Tucson,2021,Flex,Manual,Branco,Usado,27442,1.5,4,Sedã,4,72496
54,Chevrolet,S10,2022,Flex,Automático,Branco,Seminovo,111011,1.5,4,Sedã,3,68626
55,Fiat,Toro,2018,Elétrico,Automático,Prata,Usado,85379,1.6,2,SUV,1,57704
56,Chevrolet,Tracker,2013,Flex,CVT,Azul,Seminovo,198620,2.4,4,Sedã,3,35000
57,Chevrolet,Tracker,2015,Flex,Manual,Azul,Usado,16931,1.0,4,SUV,2,38546
58,Renault,Kwid,2025,Gasolina,Manual,Cinza,Seminovo,18468,1.6,4,Sedã,1,80063
59,Nissan,March,2013,Flex,Automático,Preto,Seminovo,27329,1.5,2,SUV,4,35000
60,Jeep,Compass,2024,Flex,Automático,Cinza,Seminovo,85053,1.0,2,Picape,2,82191
61,Chevrolet,Tracker,2022,Gasolina,Manual,Vermelho,Novo,0,2.0,4,Hatch,0,89089
62,Jeep,Wrangler,2016,Gasolina,Manual,Prata,Usado,23659,1.5,4,Picape,2,41037
63,Honda,Fit,2022,Gasolina,Manual,Preto,Novo,0,1.6,4,Sedã,0,77290
64,Honda,City,2023,Flex,Automático,Prata,Usado,119755,1.3,2,Picape,4,66680
65,Jeep,Commander,2012,Gasolina,CVT,Vermelho,Usado,205477,1.6,2,Hatch,2,35000
66,Fiat,Mobi,2016,Gasolina,Automático,Azul,Usado,128210,1.8,4,Hatch,3,35000
67,Honda,Fit,2017,Flex,Automático,Azul,Usado,124229,1.3,4,Hatch,3,35000
68,Honda,City,2025,Flex,CVT,Azul,Usado,113330,1.0,2,Picape,3,85335
69,Renault,Logan,2024,Gasolina,Manual,Preto,Usado,188042,2.4,2,Picape,1,86700
70,Jeep,Compass,2023,Gasolina,Automático,Vermelho,Seminovo,34743,2.4,2,Sedã,2,89150
71,Volkswagen,T-Cross,2018,Diesel,CVT,Preto,Seminovo,105554,1.5,2,Sedã,1,40607
72,Nissan,Sentra,2024,Flex,CVT,Prata,Usado,43953,2.4,4,Picape,3,88476
73,Fiat,Mobi,2019,Híbrido,CVT,Azul,Seminovo,66226,2.0,2,Picape,3,60199
74,Nissan,March,2022,Diesel,Automático,Preto,Seminovo,38094,3.0,4,Hatch,1,86879
75,Honda,City,2012,Flex,Automático,Azul,Usado,128074,1.6,4,Hatch,4,35000
76,Honda,HR-V,2025,Flex,Automático,Prata,Usado,146824,1.0,2,Picape,2,82935
77,Volkswagen,Polo,2023,Gasolina,CVT,Azul,Usado,121307,1.4,4,Hatch,1,58402
78,Hyundai,HB20,2016,Flex,Automático,Preto,Usado,49560,1.4,2,Sedã,4,44441
79,Chevrolet,S10,2021,Gasolina,Automático,Prata,Seminovo,215929,2.4,4,Hatch,2,49745
80,Renault,Duster,2021,Etanol,CVT,Azul,Seminovo,57223,2.0,4,SUV,1,64194
81,Nissan,Sentra,2021,Etanol,Automático,Branco,Usado,76953,1.0,2,Picape,4,55221
82,Chevrolet,Tracker,2015,Flex,Automático,Azul,Usado,169691,1.3,2,Sedã,3,35000
83,Toyota,Hilux,2023,Gasolina,CVT,Prata,Usado,57637,1.4,4,Sedã,3,67380
84,Volkswagen,Virtus,2024,Etanol,CVT,Branco,Seminovo,41898,1.5,4,Hatch,3,72607
85,Nissan,Versa,2016,Flex,Automático,Azul,Usado,158238,2.0,4,SUV,1,42953
86,Chevrolet,S10,2012,Flex,CVT,Prata,Usado,174778,1.3,4,Sedã,3,35000
87,Nissan,Versa,2014,Gasolina,Manual,Cinza,Seminovo,145914,1.4,4,Sedã,4,35000
88,Fiat,Mobi,2021,Flex,Manual,Cinza,Usado,166389,2.0,4,Picape,1,70307
89,Hyundai,Creta,2019,Flex,Manual,Prata,Seminovo,147728,1.8,2,SUV,4,45421
90,Chevrolet,Onix,2025,Diesel,Manual,Preto,Usado,18258,1.8,2,Hatch,2,98239
91,Chevrolet,Onix,2025,Diesel,Manual,Preto,Usado,91129,1.4,2,Sedã,3,75050
92,Ford,Ranger,2024,Gasolina,Automático,Branco,Seminovo,212089,1.5,4,SUV,1,61741
93,Volkswagen,Gol,2014,Flex,Automático,Azul,Novo,0,1.8,2,Picape,0,35511
94,Fiat,Argo,2021,Gasolina,Automático,Azul,Usado,173647,1.0,2,Picape,4,51268
95,Nissan,Versa,2019,Flex,Automático,Branco,Seminovo,22218,1.4,4,Sedã,3,55303
96,Jeep,Commander,2019,Flex,Automático,Azul,Seminovo,117740,2.4,2,Sedã,4,55286
97,Renault,Logan,2018,Flex,Manual,Prata,Usado,45013,2.4,2,SUV,1,47295
98,Honda,City,2013,Flex,Automático,Preto,Usado,180639,1.3,4,SUV,3,35000
99,Nissan,Versa,2016,Flex,Automático,Vermelho,Usado,177159,2.4,2,Sedã,1,35000
100,Fiat,Toro,2013,Diesel,Automático,Cinza,Usado,164644,1.6,2,Hatch,2,35000
101,Volkswagen,T-Cross,2017,Gasolina,CVT,Vermelho,Usado,42191,1.0,2,Hatch,2,38951
102,Nissan,March,2017,Gasolina,Manual,Prata,Usado,18791,1.4,2,Hatch,1,54180
103,Honda,HR-V,2019,Flex,Automático,Cinza,Seminovo,202903,3.0,2,Sedã,3,56854
104,Honda,HR-V,2022,Flex,Automático,Azul,Seminovo,108615,1.0,2,Sedã,2,58686
105,Chevrolet,Cruze,2024,Etanol,Manual,Branco,Seminovo,51057,1.4,4,Picape,2,84407
106,Fiat,Toro,2013,Flex,Automático,Cinza,Novo,0,1.8,4,Hatch,0,35000
107,Nissan,March,2016,Gasolina,Manual,Prata,Seminovo,185777,1.8,2,Picape,4,35000
108,Chevrolet,S10,2021,Flex,Manual,Prata,Usado,92311,1.4,2,Sedã,1,65601
109,Fiat,Argo,2024,Flex,Automático,Azul,Usado,31949,1.4,4,Sedã,2,75229
110,Jeep,Compass,2024,Diesel,Manual,Azul,Seminovo,183555,1.8,4,Picape,2,75425
111,Honda,City,2019,Flex,Automático,Vermelho,Novo,0,1.6,4,Hatch,0,61208
112,Toyota,Corolla,2017,Diesel,Manual,Branco,Usado,126297,3.0,2,Picape,4,56628
113,Chevrolet,Tracker,2021,Flex,Manual,Branco,Seminovo,192253,1.3,2,SUV,1,47437
114,Renault,Logan,2020,Flex,Manual,Prata,Usado,112156,1.8,2,Picape,3,46886
115,Hyundai,HB20,2020,Flex,Manual,Azul,Usado,92388,1.3,2,Sedã,3,51973
116,Nissan,Kicks,2021,Flex,Manual,Vermelho,Seminovo,218171,1.4,2,SUV,4,54808
117,Hyundai,HB20,2017,Flex,CVT,Prata,Usado,55333,1.5,2,Picape,2,35000
118,Volkswagen,Gol,2020,Diesel,CVT,Vermelho,Novo,0,1.4,4,SUV,0,55154
119,Ford,Focus,2025,Flex,Automático,Preto,Usado,112704,1.8,2,Hatch,4,92190
120,Volkswagen,Virtus,2015,Flex,Manual,Cinza,Usado,101427,2.4,4,Sedã,3,35998
121,Fiat,Mobi,2014,Diesel,CVT,Preto,Usado,173081,2.4,4,Hatch,1,35564
122,Fiat,Uno,2016,Gasolina,Manual,Cinza,Usado,119680,1.3,2,Sedã,4,35000
123,Toyota,Etios,2012,Flex,Automático,Cinza,Usado,63861,1.0,4,SUV,1,35000
124,Hyundai,Creta,2014,Gasolina,CVT,Cinza,Usado,203925,2.4,4,Sedã,1,35000
125,Toyota,Hilux,2015,Diesel,Automático,Azul,Usado,34146,1.6,2,Picape,3,35000
126,Toyota,Yaris,2018,Flex,Automático,Branco,Seminovo,161431,3.0,2,Picape,2,64130
127,Ford,Ranger,2018,Gasolina,Automático,Vermelho,Seminovo,142228,1.8,2,Hatch,1,44115
128,Renault,Kwid,2022,Flex,Automático,Azul,Novo,0,1.8,2,Hatch,0,86231
129,Honda,HR-V,2014,Gasolina,Automático,Azul,Seminovo,187292,2.4,2,Picape,2,35000
130,Renault,Kwid,2016,Etanol,Automático,Branco,Seminovo,140104,2.0,4,SUV,3,35000
131,Chevrolet,Tracker,2017,Híbrido,Manual,Azul,Seminovo,214542,1.8,4,Hatch,4,35000
132,Nissan,Sentra,2014,Flex,Automático,Vermelho,Seminovo,195600,2.0,2,Hatch,4,35000
133,Ford,Ranger,2017,Gasolina,Manual,Prata,Seminovo,48684,2.4,4,Picape,4,40092
134,Hyundai,i30,2016,Flex,Automático,Branco,Novo,0,1.8,2,Picape,0,35000
135,Ford,EcoSport,2012,Gasolina,Manual,Azul,Seminovo,153699,1.0,2,Picape,4,35000
136,Hyundai,i30,2024,Gasolina,Manual,Prata,Seminovo,70434,1.3,2,SUV,2,81917
137,Fiat,Mobi,2020,Gasolina,Automático,Azul,Seminovo,186922,2.4,2,SUV,1,48593
138,Honda,City,2014,Híbrido,Automático,Branco,Usado,180070,1.8,2,SUV,3,35000
139,Ford,Focus,2024,Flex,Manual,Preto,Usado,212191,2.4,2,Sedã,3,82278
140,Jeep,Commander,2019,Diesel,Automático,Vermelho,Usado,86078,2.0,4,Hatch,4,56529
141,Jeep,Renegade,2014,Elétrico,Automático,Cinza,Seminovo,38642,3.0,2,SUV,2,42584
142,Fiat,Uno,2025,Gasolina,Manual,Preto,Seminovo,95707,3.0,4,Sedã,1,92554
143,Chevrolet,Tracker,2014,Flex,Automático,Branco,Usado,160139,1.4,2,Sedã,3,35000
144,Toyota,Corolla,2013,Gasolina,Automático,Vermelho,Seminovo,206053,2.0,2,Sedã,4,35000
145,Fiat,Toro,2022,Elétrico,Automático,Azul,Seminovo,24129,1.0,2,Picape,4,69188
146,Renault,Logan,2015,Flex,Manual,Azul,Seminovo,109521,1.4,4,SUV,1,35000
147,Chevrolet,S10,2013,Etanol,Manual,Branco,Novo,0,2.0,2,Picape,0,35000
148,Hyundai,Tucson,2015,Diesel,Automático,Vermelho,Seminovo,135382,1.0,2,SUV,4,35000
149,Renault,Sandero,2015,Flex,Manual,Prata,Seminovo,79907,3.0,2,Picape,1,44727
150,Ford,Ranger,2023,Flex,Automático,Branco,Seminovo,100033,3.0,4,Sedã,1,85656
151,Fiat,Mobi,2024,Flex,CVT,Vermelho,Usado,38728,1.3,4,Hatch,3,79212
152,Fiat,Toro,2024,Gasolina,Automático,Cinza,Usado,15201,1.4,4,Hatch,4,87900
153,Renault,Sandero,2021,Híbrido,Manual,Vermelho,Seminovo,166611,1.6,4,Picape,4,67294
154,Jeep,Commander,2019,Diesel,Automático,Azul,Seminovo,158014,1.6,2,Picape,4,42458
155,Jeep,Compass,2023,Gasolina,Automático,Vermelho,Usado,43738,1.5,2,Picape,1,70251
156,Toyota,Etios,2017,Flex,Automático,Preto,Seminovo,197895,1.0,2,Picape,2,35000
157,Hyundai,i30,2020,Flex,CVT,Cinza,Usado,148202,1.8,4,SUV,4,48143
158,Chevrolet,Tracker,2020,Etanol,CVT,Prata,Usado,185942,2.4,4,Sedã,4,55653
159,Fiat,Toro,2016,Gasolina,Automático,Cinza,Usado,219532,1.8,2,Picape,3,35000
160,Volkswagen,Gol,2017,Híbrido,Automático,Azul,Seminovo,146184,1.6,4,Sedã,2,35000
161,Jeep,Compass,2015,Gasolina,CVT,Preto,Usado,31266,2.0,4,Hatch,4,35000
162,Ford,Ka,2020,Elétrico,Manual,Azul,Usado,130160,1.5,4,Picape,3,49939
163,Toyota,Corolla,2022,Flex,Automático,Azul,Usado,50892,2.0,2,Hatch,1,75436
164,Renault,Sandero,2023,Elétrico,CVT,Branco,Novo,0,1.8,4,Hatch,0,85088
165,Fiat,Mobi,2014,Híbrido,Automático,Preto,Usado,47596,2.4,4,SUV,2,35000
166,Hyundai,Tucson,2021,Flex,Manual,Vermelho,Usado,117119,3.0,4,Picape,1,73764
167,Honda,Fit,2014,Flex,CVT,Branco,Seminovo,122109,1.6,4,Sedã,3,35000
168,Jeep,Renegade,2016,Flex,Automático,Branco,Usado,85427,1.4,4,Picape,3,43884
169,Honda,HR-V,2017,Flex,Manual,Preto,Seminovo,201014,1.8,4,Picape,4,38731
170,Chevrolet,Cruze,2022,Diesel,CVT,Branco,Usado,25474,1.3,2,SUV,2,76928
171,Fiat,Argo,2014,Flex,Automático,Branco,Usado,28839,3.0,4,Picape,1,44050
172,Ford,EcoSport,2019,Flex,Automático,Azul,Usado,108795,1.6,2,Hatch,2,56646
173,Honda,Civic,2018,Flex,Manual,Branco,Usado,128750,1.0,4,Hatch,4,35000
174,Ford,EcoSport,2017,Elétrico,Automático,Cinza,Seminovo,176320,1.8,2,Sedã,2,40698
175,Nissan,Kicks,2023,Elétrico,CVT,Branco,Usado,181553,3.0,4,Picape,4,74000
176,Chevrolet,S10,2017,Gasolina,Manual,Azul,Usado,217199,2.0,2,Hatch,2,35000
177,Honda,Civic,2021,Gasolina,Automático,Azul,Usado,199128,1.0,4,Sedã,4,43747
178,Fiat,Argo,2024,Híbrido,Manual,Vermelho,Usado,218853,1.8,4,Sedã,2,68079
179,Ford,Focus,2018,Flex,Manual,Vermelho,Usado,169100,2.0,4,Sedã,1,42257
180,Nissan,Sentra,2023,Flex,Manual,Cinza,Seminovo,68168,1.5,4,Picape,2,77218
181,Toyota,Etios,2018,Flex,Manual,Preto,Seminovo,174530,1.3,4,SUV,3,35000
182,Fiat,Argo,2012,Etanol,Automático,Vermelho,Novo,0,1.5,2,Hatch,0,35000
183,Chevrolet,Tracker,2016,Elétrico,Manual,Preto,Usado,200789,2.4,2,Hatch,2,35000
184,Chevrolet,Tracker,2024,Etanol,Automático,Azul,Seminovo,99278,3.0,4,SUV,4,81788
185,Renault,Duster,2015,Flex,Automático,Vermelho,Usado,9251,1.6,4,Sedã,3,35000
186,Chevrolet,Tracker,2015,Flex,CVT,Cinza,Usado,72456,2.4,4,SUV,4,35000
187,Hyundai,Creta,2014,Flex,Automático,Vermelho,Usado,142348,1.0,2,Hatch,1,35000
188,Nissan,Kicks,2025,Flex,Manual,Preto,Novo,0,1.8,2,Picape,0,101445
189,Jeep,Wrangler,2022,Flex,Manual,Vermelho,Seminovo,143783,1.6,4,Hatch,1,67853
190,Nissan,Kicks,2013,Híbrido,Automático,Preto,Seminovo,218703,1.8,4,SUV,4,35000
191,Hyundai,i30,2019,Flex,CVT,Preto,Seminovo,176372,1.0,2,Hatch,4,39317
192,Nissan,March,2012,Flex,Automático,Branco,Seminovo,174058,1.8,2,Picape,1,35000
193,Chevrolet,S10,2016,Gasolina,Manual,Prata,Usado,52016,1.8,2,Hatch,2,46773
194,Ford,EcoSport,2013,Etanol,Automático,Vermelho,Usado,182480,3.0,4,Picape,4,35000
195,Honda,HR-V,2012,Gasolina,Manual,Branco,Seminovo,207782,1.8,2,Picape,3,35000
196,Renault,Sandero,2017,Flex,Automático,Preto,Usado,27464,1.6,2,Picape,1,35890
197,Volkswagen,Polo,2018,Flex,Automático,Azul,Seminovo,32931,1.3,2,SUV,3,50138
198,Hyundai,Tucson,2013,Gasolina,Manual,Cinza,Usado,32077,1.0,2,Picape,3,35000
199,Honda,HR-V,2025,Flex,Manual,Cinza,Usado,154935,3.0,2,Sedã,4,85159
200,Ford,Ranger,2016,Etanol,Manual,Preto,Seminovo,83578,2.4,2,Picape,3,38660
201,Chevrolet,S10,2021,Flex,Automático,Preto,Seminovo,92088,2.0,4,Picape,4,64600
202,Nissan,Kicks,2016,Flex,CVT,Preto,Seminovo,109396,1.8,4,Sedã,4,41818
203,Chevrolet,Tracker,2018,Etanol,Automático,Prata,Seminovo,160248,3.0,2,Sedã,1,64509
204,Renault,Sandero,2019,Diesel,CVT,Branco,Usado,181417,2.4,2,Picape,3,47016
205,Volkswagen,Polo,2023,Flex,Automático,Cinza,Usado,157631,2.0,4,Picape,1,71170
206,Fiat,Uno,2013,Diesel,Automático,Prata,Seminovo,152644,2.0,4,Hatch,4,35000
207,Toyota,Corolla,2016,Etanol,Automático,Vermelho,Usado,121858,1.8,4,Sedã,4,44218
208,Jeep,Compass,2017,Elétrico,Automático,Prata,Seminovo,35426,1.4,4,Hatch,3,42006
209,Renault,Sandero,2020,Flex,Automático,Cinza,Usado,88600,1.3,4,Picape,1,65402
210,Honda,Civic,2025,Flex,Manual,Preto,Usado,140264,1.4,2,Sedã,3,84723
211,Nissan,March,2015,Diesel,Automático,Preto,Usado,108699,1.0,2,Picape,4,35000
212,Nissan,March,2012,Flex,Manual,Azul,Usado,156348,1.3,2,Hatch,3,35000
213,Chevrolet,S10,2013,Etanol,CVT,Vermelho,Usado,161492,2.0,4,SUV,1,35000
214,Hyundai,i30,2021,Gasolina,Automático,Prata,Usado,181189,1.4,4,Hatch,1,48921
215,Volkswagen,Gol,2014,Flex,Manual,Cinza,Seminovo,155681,2.0,4,Sedã,2,35000
216,Fiat,Argo,2020,Gasolina,Manual,Preto,Seminovo,167374,1.0,4,Picape,1,48989
217,Ford,Focus,2025,Flex,Automático,Azul,Seminovo,113955,2.4,4,Picape,2,80191
218,Jeep,Renegade,2024,Diesel,Manual,Prata,Seminovo,49094,2.4,4,SUV,1,95938
219,Honda,HR-V,2024,Flex,CVT,Vermelho,Usado,204230,2.4,2,Hatch,4,68116
220,Chevrolet,Tracker,2025,Elétrico,Automático,Prata,Usado,120099,1.3,2,Hatch,2,86357
221,Hyundai,i30,2014,Flex,Automático,Preto,Usado,144534,1.6,2,SUV,3,35000
222,Volkswagen,T-Cross,2021,Etanol,CVT,Azul,Usado,201632,2.0,2,Sedã,3,66361
223,Ford,Focus,2015,Gasolina,Manual,Preto,Usado,133308,1.4,4,Picape,4,35000
224,Renault,Kwid,2022,Diesel,Automático,Cinza,Usado,187112,1.8,4,SUV,4,60455
225,Jeep,Renegade,2025,Diesel,Automático,Azul,Usado,21601,3.0,4,SUV,2,104349
226,Chevrolet,S10,2016,Flex,Manual,Vermelho,Usado,211649,1.8,2,Picape,1,35000
227,Renault,Kwid,2013,Híbrido,Manual,Cinza,Novo,0,1.5,2,Picape,0,35000
228,Volkswagen,Polo,2025,Híbrido,Manual,Azul,Seminovo,102476,1.4,2,Hatch,4,89900
229,Volkswagen,Polo,2018,Flex,Automático,Branco,Seminovo,39786,1.5,4,Hatch,1,37081
230,Hyundai,HB20,2025,Flex,Manual,Branco,Seminovo,196565,1.3,2,Hatch,3,73018
231,Volkswagen,Polo,2018,Diesel,Automático,Preto,Usado,22933,3.0,2,Sedã,2,66086
232,Hyundai,Creta,2022,Flex,CVT,Vermelho,Usado,27724,1.3,2,Sedã,1,77301
233,Nissan,Sentra,2018,Flex,Manual,Prata,Usado,150069,1.6,2,Sedã,3,35626
234,Fiat,Argo,2023,Flex,Automático,Preto,Seminovo,68198,2.4,2,Hatch,1,81976
235,Hyundai,Creta,2018,Híbrido,Automático,Prata,Usado,204944,2.4,2,Sedã,1,50950
236,Honda,Civic,2016,Etanol,CVT,Cinza,Usado,116037,2.0,2,Picape,2,35000
237,Honda,HR-V,2013,Flex,Manual,Preto,Usado,158730,1.3,4,Picape,4,35000
238,Chevrolet,Onix,2015,Gasolina,Automático,Cinza,Usado,86078,1.4,2,Hatch,1,38909
239,Ford,Ka,2014,Flex,Manual,Vermelho,Usado,48768,1.8,2,SUV,3,35000
240,Toyota,Hilux,2024,Flex,Automático,Prata,Usado,135062,2.4,4,Hatch,1,86666
241,Jeep,Compass,2017,Gasolina,Automático,Vermelho,Usado,64874,3.0,2,Hatch,1,43212
242,Chevrolet,Onix,2019,Flex,CVT,Preto,Usado,149930,2.0,2,Hatch,3,46140
243,Nissan,Sentra,2016,Diesel,Automático,Branco,Usado,52014,1.5,2,Hatch,4,35000
244,Renault,Duster,2024,Diesel,Manual,Vermelho,Seminovo,57604,1.6,4,SUV,2,84492
245,Hyundai,i30,2024,Diesel,Automático,Vermelho,Usado,44470,1.0,4,Sedã,1,72576
246,Fiat,Toro,2022,Diesel,CVT,Prata,Novo,0,1.6,2,Picape,0,69623
247,Fiat,Argo,2018,Flex,Manual,Preto,Usado,16508,1.5,4,Hatch,3,53701
248,Honda,Civic,2020,Gasolina,CVT,Branco,Usado,119028,1.4,2,Hatch,3,49129
249,Hyundai,i30,2023,Diesel,Manual,Cinza,Seminovo,58139,1.4,2,Hatch,2,65410
250,Ford,EcoSport,2019,Flex,Manual,Prata,Usado,123467,1.6,4,Sedã,3,40451
251,Honda,Fit,2024,Flex,CVT,Azul,Usado,90929,1.4,2,Sedã,2,76481
252,Nissan,Versa,2022,Etanol,CVT,Preto,Novo,0,2.4,2,Picape,0,73203
253,Renault,Kwid,2024,Diesel,Manual,Branco,Usado,39266,1.5,4,Sedã,3,92346
254,Honda,HR-V,2025,Gasolina,CVT,Preto,Usado,217152,1.4,2,Picape,3,64241
255,Toyota,Etios,2012,Gasolina,Automático,Azul,Seminovo,105330,2.0,2,Hatch,3,35000
256,Ford,Ranger,2016,Flex,Manual,Vermelho,Usado,174680,1.6,4,Sedã,4,35000
257,Renault,Kwid,2013,Etanol,Manual,Preto,Usado,170348,3.0,2,Sedã,4,35747
258,Hyundai,i30,2020,Diesel,Manual,Vermelho,Usado,75893,1.4,2,Picape,3,63594
259,Chevrolet,Onix,2024,Diesel,Manual,Cinza,Usado,46844,1.3,2,Sedã,2,76185
260,Fiat,Uno,2024,Elétrico,Manual,Cinza,Seminovo,51163,1.5,4,Sedã,3,88290
261,Toyota,Hilux,2021,Flex,Automático,Preto,Usado,147114,1.6,2,Picape,4,46873
262,Honda,Civic,2015,Flex,Manual,Cinza,Novo,0,1.4,4,Sedã,0,46092
263,Ford,Ranger,2012,Gasolina,Automático,Preto,Usado,24013,1.8,4,SUV,1,35000
264,Volkswagen,T-Cross,2014,Elétrico,Automático,Cinza,Usado,175178,1.8,2,Picape,3,35000
265,Jeep,Compass,2018,Flex,Automático,Preto,Seminovo,189027,2.0,2,Hatch,2,49116
266,Hyundai,Creta,2022,Flex,CVT,Preto,Seminovo,67389,1.8,4,Hatch,2,80154
267,Honda,HR-V,2019,Gasolina,Manual,Azul,Novo,0,1.3,2,SUV,0,45277
268,Nissan,March,2023,Flex,Manual,Cinza,Seminovo,97073,3.0,4,Picape,1,88945
269,Jeep,Compass,2014,Flex,Automático,Branco,Seminovo,73453,1.3,2,SUV,3,35000
270,Nissan,Kicks,2023,Gasolina,CVT,Branco,Seminovo,189681,1.0,4,Picape,2,67725
271,Nissan,Kicks,2012,Gasolina,Manual,Preto,Seminovo,178171,1.6,4,SUV,2,35000
272,Toyota,Etios,2021,Flex,Automático,Branco,Seminovo,27971,1.6,4,Picape,2,58340
273,Toyota,Yaris,2014,Flex,CVT,Cinza,Usado,210750,2.0,4,SUV,4,35000
274,Volkswagen,Gol,2022,Flex,Manual,Cinza,Seminovo,16696,1.6,4,Picape,4,70195
275,Chevrolet,Tracker,2021,Gasolina,Automático,Azul,Seminovo,216859,3.0,4,SUV,2,70791
276,Toyota,Etios,2025,Flex,CVT,Azul,Usado,155133,1.5,4,Picape,3,68676
277,Nissan,Versa,2020,Flex,Automático,Vermelho,Usado,36531,2.4,2,Sedã,2,63120
278,Chevrolet,Cruze,2012,Flex,CVT,Cinza,Seminovo,160988,1.6,4,Sedã,1,35000
279,Nissan,March,2020,Flex,Manual,Cinza,Usado,211189,3.0,4,Hatch,1,61184
280,Ford,Focus,2021,Flex,Automático,Branco,Usado,210978,1.6,4,Hatch,4,49176
281,Nissan,March,2021,Flex,Manual,Prata,Seminovo,15166,2.0,4,Picape,2,61401
282,Renault,Duster,2017,Gasolina,CVT,Prata,Seminovo,187500,1.3,2,Picape,2,35000
283,Renault,Duster,2016,Flex,Automático,Branco,Seminovo,111737,2.4,4,Sedã,1,45045
284,Ford,Ka,2016,Flex,Automático,Vermelho,Usado,50544,1.5,2,Hatch,1,35000
285,Toyota,Etios,2012,Híbrido,Automático,Prata,Seminovo,137415,2.0,2,Picape,1,35000
286,Hyundai,i30,2021,Flex,CVT,Cinza,Usado,95242,1.4,4,SUV,1,57321
287,Toyota,Etios,2012,Gasolina,Automático,Preto,Usado,182653,1.5,4,Sedã,4,35000
288,Toyota,Corolla,2019,Híbrido,Automático,Vermelho,Usado,71162,1.6,4,Sedã,4,53043
289,Hyundai,i30,2016,Etanol,Manual,Vermelho,Usado,158219,1.3,2,Picape,3,35000
290,Jeep,Commander,2016,Flex,Automático,Prata,Usado,77583,1.6,4,SUV,2,35000
291,Fiat,Argo,2012,Diesel,CVT,Vermelho,Seminovo,183456,1.4,2,SUV,4,35000
292,Volkswagen,Virtus,2018,Flex,Manual,Azul,Usado,94959,1.5,4,Sedã,3,49026
293,Volkswagen,Polo,2025,Flex,Automático,Prata,Seminovo,199227,1.6,2,Sedã,3,84905
294,Honda,Fit,2017,Etanol,CVT,Cinza,Usado,102434,1.6,4,SUV,4,35000
295,Renault,Kwid,2025,Flex,Automático,Vermelho,Novo,0,3.0,2,Sedã,0,114305
296,Nissan,Sentra,2018,Gasolina,CVT,Preto,Usado,112267,2.4,2,SUV,3,62569
297,Ford,Ka,2019,Flex,CVT,Prata,Usado,123503,1.6,2,Hatch,2,55402
298,Ford,EcoSport,2024,Diesel,Manual,Vermelho,Seminovo,110747,2.0,4,Picape,4,68792
299,Toyota,Yaris,2023,Flex,Manual,Prata,Usado,9696,1.0,2,Sedã,2,84949
300,Hyundai,Tucson,2014,Gasolina,Automático,Prata,Seminovo,83171,1.6,4,Hatch,3,35000
301,Ford,Ranger,2019,Flex,Manual,Cinza,Novo,0,1.4,2,Sedã,0,45318
302,Jeep,Compass,2013,Flex,Automático,Branco,Seminovo,207178,3.0,2,SUV,1,35000
303,Honda,Civic,2012,Flex,Automático,Cinza,Seminovo,129360,1.4,2,SUV,1,35000
304,Nissan,Versa,2022,Flex,Automático,Azul,Seminovo,139108,1.3,4,Hatch,1,52553
305,Renault,Sandero,2021,Gasolina,Manual,Vermelho,Usado,189401,2.0,4,SUV,2,47138
306,Fiat,Mobi,2015,Flex,Automático,Preto,Novo,0,1.3,4,Hatch,0,35000
307,Honda,Civic,2023,Flex,CVT,Azul,Seminovo,74238,2.4,2,SUV,1,75384
308,Toyota,Hilux,2017,Diesel,Manual,Azul,Seminovo,7535,1.4,2,Hatch,3,44712
309,Renault,Duster,2023,Gasolina,CVT,Preto,Seminovo,124678,1.6,4,Picape,4,72244
310,Ford,Ka,2014,Flex,Manual,Preto,Seminovo,215308,2.4,2,Picape,4,35000
311,Jeep,Renegade,2025,Flex,CVT,Preto,Seminovo,34605,2.0,4,Picape,1,82306
312,Volkswagen,T-Cross,2012,Flex,Automático,Azul,Usado,180595,1.8,2,Sedã,4,35000
313,Chevrolet,S10,2017,Flex,Automático,Preto,Usado,8052,1.4,4,Hatch,4,38374
314,Honda,City,2017,Etanol,CVT,Branco,Usado,110716,1.5,2,Picape,4,40197
315,Jeep,Wrangler,2013,Híbrido,Automático,Branco,Usado,31907,2.0,4,Hatch,1,35000
316,Fiat,Uno,2025,Gasolina,Automático,Vermelho,Usado,176598,2.4,4,Sedã,3,74250
317,Chevrolet,S10,2017,Flex,Automático,Cinza,Usado,192672,2.4,2,SUV,1,48777
318,Chevrolet,Onix,2017,Flex,Automático,Prata,Usado,189050,1.3,2,SUV,2,35000
319,Ford,EcoSport,2013,Etanol,Manual,Branco,Usado,61515,2.4,2,Picape,3,35000
320,Nissan,Versa,2022,Diesel,Automático,Cinza,Seminovo,135764,1.0,2,Sedã,4,65811
321,Renault,Sandero,2023,Flex,Automático,Preto,Seminovo,137149,2.0,4,SUV,2,69993
322,Nissan,Sentra,2016,Flex,Manual,Cinza,Usado,188892,3.0,4,SUV,2,35000
323,Chevrolet,Tracker,2022,Flex,Automático,Azul,Usado,137092,3.0,4,Sedã,1,76074
324,Fiat,Mobi,2021,Flex,Automático,Cinza,Usado,115726,1.0,2,SUV,1,55221
325,Ford,Ka,2022,Gasolina,Manual,Preto,Usado,43385,1.0,4,SUV,2,71762
326,Toyota,Hilux,2025,Flex,Automático,Azul,Usado,199619,3.0,4,Sedã,2,92771
327,Volkswagen,Gol,2018,Flex,CVT,Azul,Seminovo,8398,1.6,2,Hatch,4,47618
328,Hyundai,Creta,2024,Flex,Manual,Cinza,Seminovo,54014,1.4,2,Hatch,4,69109
329,Nissan,Sentra,2020,Etanol,Manual,Prata,Novo,0,1.4,2,Picape,0,55136
330,Hyundai,HB20,2024,Híbrido,Automático,Azul,Seminovo,24105,1.8,2,SUV,2,90830
331,Honda,Fit,2018,Flex,Automático,Prata,Seminovo,178889,1.8,4,Sedã,3,38007
332,Chevrolet,S10,2020,Diesel,CVT,Branco,Seminovo,121828,1.5,2,SUV,1,63618
333,Hyundai,i30,2024,Híbrido,Automático,Vermelho,Usado,140493,1.8,4,Hatch,4,65896
334,Volkswagen,Polo,2017,Flex,CVT,Preto,Usado,169346,1.3,2,Hatch,2,41611
335,Nissan,Versa,2015,Flex,Automático,Azul,Usado,200792,1.4,2,Hatch,4,35000
336,Hyundai,HB20,2013,Gasolina,Manual,Prata,Usado,72803,2.0,4,Sedã,4,35000
337,Nissan,March,2017,Gasolina,Automático,Vermelho,Novo,0,1.0,2,Hatch,0,41721
338,Fiat,Uno,2016,Diesel,Manual,Branco,Seminovo,104985,2.0,2,Picape,4,35000
339,Fiat,Argo,2014,Flex,Automático,Vermelho,Seminovo,83133,1.8,2,Sedã,2,35000
340,Toyota,Corolla,2021,Flex,Automático,Branco,Seminovo,60505,2.0,2,SUV,2,62188
341,Chevrolet,Tracker,2015,Gasolina,Automático,Vermelho,Usado,173997,3.0,2,Picape,3,45089
342,Honda,HR-V,2013,Gasolina,Automático,Prata,Seminovo,31226,1.6,2,Sedã,2,35000
343,Renault,Logan,2017,Flex,Manual,Vermelho,Seminovo,216733,1.8,4,SUV,2,35000
344,Hyundai,Creta,2024,Etanol,Automático,Cinza,Seminovo,40207,1.8,4,SUV,4,87076
345,Hyundai,Tucson,2019,Flex,Manual,Vermelho,Seminovo,41700,3.0,2,SUV,3,76197
346,Honda,Civic,2012,Diesel,Automático,Vermelho,Usado,14609,3.0,4,Sedã,4,40758
347,Ford,Ranger,2018,Etanol,Automático,Azul,Usado,126818,3.0,2,Sedã,4,55277
348,Fiat,Uno,2022,Etanol,CVT,Vermelho,Usado,121974,1.4,2,Sedã,2,75328
349,Renault,Duster,2012,Etanol,Automático,Branco,Seminovo,16221,1.5,4,Sedã,4,35000
350,Renault,Kwid,2012,Elétrico,Manual,Azul,Usado,199487,1.6,2,SUV,4,35000
351,Nissan,Sentra,2021,Flex,CVT,Vermelho,Seminovo,140363,2.0,4,Sedã,3,65723
352,Renault,Kwid,2020,Híbrido,Automático,Preto,Novo,0,1.5,2,SUV,0,57124
353,Ford,Ranger,2021,Flex,Manual,Preto,Seminovo,193810,1.3,4,SUV,4,54891
354,Chevrolet,Cruze,2022,Diesel,Manual,Branco,Seminovo,40317,3.0,2,Sedã,2,74106
355,Ford,Ranger,2014,Flex,Automático,Vermelho,Usado,27478,1.5,4,SUV,4,35000
356,Ford,Focus,2025,Flex,Manual,Vermelho,Usado,168371,3.0,4,Sedã,2,102260
357,Hyundai,i30,2021,Flex,Manual,Cinza,Seminovo,58044,3.0,4,Hatch,2,85197
358,Honda,Fit,2019,Híbrido,Automático,Vermelho,Usado,29429,2.4,2,Hatch,1,73480
359,Nissan,March,2017,Híbrido,Automático,Cinza,Seminovo,211977,2.0,4,Picape,1,35983
360,Ford,Ranger,2019,Diesel,CVT,Branco,Seminovo,72582,1.5,2,Picape,1,58632
361,Fiat,Uno,2020,Gasolina,Automático,Azul,Usado,99966,1.3,2,Picape,4,62552
362,Jeep,Commander,2016,Híbrido,Automático,Prata,Usado,202911,1.5,4,Picape,4,35000
363,Hyundai,i30,2016,Elétrico,Automático,Azul,Seminovo,177827,1.3,2,Sedã,4,35888
364,Ford,Ka,2015,Flex,Automático,Vermelho,Usado,47136,2.0,2,Hatch,1,35000
365,Renault,Logan,2013,Gasolina,Manual,Branco,Usado,110026,3.0,4,Picape,1,35000
366,Renault,Logan,2012,Etanol,Automático,Vermelho,Seminovo,210510,3.0,2,Hatch,2,35000
367,Toyota,Hilux,2015,Flex,CVT,Branco,Usado,97570,2.0,4,Picape,2,37159
368,Toyota,Corolla,2013,Flex,Automático,Vermelho,Usado,96088,1.6,2,SUV,2,35000
369,Nissan,Versa,2016,Gasolina,Automático,Vermelho,Novo,0,1.8,2,SUV,0,48519
370,Volkswagen,T-Cross,2023,Flex,Automático,Cinza,Usado,208318,2.4,4,SUV,1,74727
371,Honda,HR-V,2013,Flex,Automático,Preto,Usado,214757,1.8,4,Sedã,3,35000
372,Fiat,Uno,2023,Diesel,Manual,Branco,Seminovo,24930,3.0,2,SUV,4,89289
373,Hyundai,Creta,2021,Etanol,CVT,Azul,Usado,135809,1.5,2,Sedã,2,54331
374,Chevrolet,Cruze,2015,Diesel,CVT,Prata,Seminovo,36425,1.3,4,Hatch,1,36529
375,Toyota,Etios,2017,Flex,Automático,Vermelho,Usado,52938,3.0,4,Picape,4,51041
376,Jeep,Compass,2012,Flex,Automático,Vermelho,Novo,0,2.0,2,SUV,0,35000
377,Honda,City,2017,Flex,Manual,Preto,Seminovo,90311,1.8,4,Hatch,2,47950
378,Volkswagen,Polo,2016,Flex,Automático,Prata,Seminovo,60189,2.0,4,Picape,3,41810
379,Volkswagen,Virtus,2014,Flex,CVT,Azul,Seminovo,193957,1.6,2,Hatch,4,35000
380,Chevrolet,Cruze,2024,Elétrico,Manual,Branco,Seminovo,40250,3.0,4,Picape,4,93111
381,Volkswagen,Gol,2018,Gasolina,Manual,Preto,Usado,170114,1.3,4,Picape,3,35000
382,Hyundai,Tucson,2020,Flex,CVT,Prata,Novo,0,1.8,2,Hatch,0,72602
383,Jeep,Compass,2024,Etanol,Manual,Vermelho,Seminovo,25554,2.0,4,Picape,4,96154
384,Ford,Focus,2022,Diesel,Manual,Azul,Usado,23702,1.3,2,Picape,3,65781
385,Hyundai,Tucson,2022,Etanol,Manual,Azul,Seminovo,209727,1.8,4,Picape,4,53403
386,Ford,Ka,2014,Flex,Automático,Azul,Usado,60200,1.4,4,Hatch,1,35000
387,Honda,City,2020,Gasolina,Automático,Vermelho,Usado,32244,1.6,2,Hatch,1,70777
388,Nissan,Sentra,2015,Etanol,Manual,Azul,Seminovo,12489,1.0,4,Sedã,3,35000
389,Renault,Duster,2020,Flex,CVT,Azul,Usado,170425,2.0,4,Picape,3,57648
390,Fiat,Argo,2024,Gasolina,Manual,Cinza,Seminovo,7767,1.0,2,SUV,3,77274
391,Renault,Kwid,2023,Híbrido,CVT,Cinza,Seminovo,214181,1.6,2,Picape,1,69228
392,Hyundai,Creta,2018,Híbrido,Automático,Preto,Seminovo,104184,1.5,4,Picape,1,45500
393,Chevrolet,Tracker,2016,Flex,Automático,Prata,Seminovo,52816,1.4,4,Hatch,1,44743
394,Renault,Logan,2016,Flex,Automático,Prata,Novo,0,3.0,2,Hatch,0,48592
395,Honda,HR-V,2016,Gasolina,Automático,Branco,Seminovo,8860,2.4,2,Sedã,3,50161
396,Volkswagen,Virtus,2017,Flex,Automático,Prata,Seminovo,19690,1.6,4,Sedã,1,51623
397,Renault,Sandero,2015,Híbrido,Manual,Cinza,Usado,206364,1.5,4,Hatch,4,35000
398,Toyota,Yaris,2019,Flex,Manual,Azul,Usado,107006,1.6,4,Picape,2,58455
399,Toyota,Corolla,2016,Flex,Manual,Prata,Usado,34603,1.5,4,Sedã,3,35000
400,Ford,Ranger,2021,Gasolina,Automático,Branco,Usado,185461,1.4,4,Picape,1,48913
401,Ford,EcoSport,2013,Flex,Manual,Azul,Novo,0,1.4,2,SUV,0,35000
402,Renault,Sandero,2017,Elétrico,Automático,Prata,Usado,197201,1.5,2,Picape,4,35000
403,Ford,Ranger,2012,Flex,Automático,Prata,Usado,54748,1.4,4,Picape,3,35000
404,Renault,Duster,2025,Diesel,CVT,Vermelho,Seminovo,122803,1.6,4,Sedã,3,84454
405,Toyota,Etios,2023,Gasolina,Manual,Prata,Usado,89068,1.3,4,Sedã,2,75746
406,Renault,Sandero,2021,Etanol,Automático,Prata,Seminovo,16475,1.4,2,Hatch,1,60903
407,Honda,City,2015,Gasolina,Automático,Cinza,Usado,17867,1.8,2,SUV,1,35000
408,Chevrolet,S10,2025,Gasolina,CVT,Branco,Seminovo,101749,1.0,4,Picape,1,68166
409,Volkswagen,Gol,2015,Elétrico,Manual,Azul,Seminovo,54665,1.5,2,Picape,2,37424
410,Fiat,Mobi,2023,Gasolina,Automático,Prata,Usado,32289,1.4,2,Picape,4,80553
411,Hyundai,Creta,2020,Elétrico,Automático,Prata,Usado,102444,2.0,4,SUV,3,67240
412,Chevrolet,Cruze,2018,Diesel,CVT,Prata,Seminovo,122309,2.0,2,Picape,1,44036
413,Jeep,Renegade,2020,Gasolina,CVT,Branco,Seminovo,61314,1.8,2,Sedã,3,66936
414,Fiat,Argo,2013,Gasolina,Automático,Preto,Seminovo,66078,1.6,4,Sedã,1,35000
415,Nissan,Kicks,2023,Gasolina,Manual,Cinza,Seminovo,161036,1.6,2,Hatch,4,58088
416,Toyota,Hilux,2017,Híbrido,Automático,Branco,Usado,200999,1.0,4,Sedã,1,35000
417,Fiat,Uno,2017,Flex,Manual,Vermelho,Usado,18243,2.0,4,Sedã,1,44817
418,Nissan,Sentra,2024,Flex,Manual,Branco,Seminovo,148694,2.0,4,Hatch,1,78662
419,Fiat,Mobi,2024,Flex,Automático,Cinza,Usado,108630,1.5,2,Picape,2,66656
420,Volkswagen,Virtus,2017,Flex,Automático,Branco,Usado,100752,1.8,2,Picape,3,40428
421,Jeep,Renegade,2024,Flex,CVT,Vermelho,Usado,168363,1.4,4,Picape,1,66280
422,Chevrolet,Tracker,2014,Diesel,CVT,Branco,Usado,167792,1.4,4,Sedã,1,35000
423,Honda,HR-V,2019,Flex,Manual,Azul,Usado,148241,3.0,4,Sedã,4,67555
424,Ford,Ka,2018,Flex,Automático,Branco,Seminovo,79452,1.5,4,Hatch,1,48878
425,Toyota,Corolla,2018,Flex,Automático,Azul,Seminovo,10001,1.6,4,Hatch,2,52573
426,Fiat,Uno,2017,Flex,Automático,Branco,Seminovo,151980,1.0,2,Picape,2,35188
427,Volkswagen,T-Cross,2019,Flex,Manual,Prata,Usado,168900,1.6,2,SUV,3,35000
428,Volkswagen,Virtus,2025,Elétrico,CVT,Prata,Seminovo,107982,1.4,2,SUV,4,86023
429,Jeep,Compass,2018,Etanol,Manual,Prata,Usado,122747,3.0,2,SUV,2,65060
430,Ford,Focus,2025,Gasolina,Automático,Vermelho,Usado,206863,1.4,2,Picape,3,63272
431,Fiat,Uno,2014,Flex,CVT,Azul,Novo,0,2.0,4,SUV,0,35000
432,Renault,Duster,2014,Diesel,Manual,Preto,Novo,0,1.5,2,SUV,0,35000
433,Toyota,Hilux,2013,Flex,Automático,Vermelho,Usado,191651,1.8,2,Picape,4,35000
434,Renault,Sandero,2014,Gasolina,Manual,Branco,Usado,63341,1.5,2,Picape,1,35000
435,Renault,Logan,2023,Flex,Automático,Preto,Seminovo,164365,2.0,4,Hatch,4,78887
436,Jeep,Renegade,2020,Gasolina,Automático,Branco,Usado,140974,3.0,4,Sedã,1,71496
437,Nissan,Versa,2015,Etanol,Automático,Prata,Usado,125939,1.4,4,SUV,3,35000
438,Toyota,Yaris,2019,Diesel,Automático,Azul,Usado,209139,3.0,2,Sedã,4,55819
439,Hyundai,i30,2012,Gasolina,Automático,Azul,Usado,28640,1.6,4,Picape,2,35000
440,Honda,Civic,2013,Flex,Automático,Branco,Usado,195545,3.0,2,Picape,4,35000
441,Nissan,Versa,2024,Gasolina,Manual,Azul,Usado,42907,1.4,2,Sedã,4,78761
442,Volkswagen,Virtus,2016,Flex,Manual,Preto,Usado,168200,1.6,2,Hatch,4,35000
443,Renault,Kwid,2021,Híbrido,Manual,Vermelho,Usado,112518,2.4,2,Picape,1,63616
444,Fiat,Toro,2021,Flex,CVT,Preto,Novo,0,1.0,4,Sedã,0,53203
445,Ford,Ka,2022,Flex,Automático,Prata,Usado,33544,2.0,2,Hatch,2,85839
446,Volkswagen,Polo,2019,Flex,Automático,Branco,Seminovo,89625,1.8,4,SUV,1,55032
447,Fiat,Uno,2016,Flex,Manual,Prata,Seminovo,142532,1.5,2,Picape,1,35000
448,Jeep,Renegade,2019,Flex,Automático,Azul,Seminovo,73068,3.0,4,SUV,2,73283
449,Jeep,Wrangler,2020,Flex,Automático,Preto,Usado,190751,1.6,2,Sedã,1,40512
450,Toyota,Etios,2022,Diesel,Automático,Preto,Usado,113538,1.0,4,Picape,3,66779
451,Chevrolet,Onix,2022,Etanol,Manual,Branco,Seminovo,206072,1.0,2,SUV,3,52199
452,Nissan,Versa,2025,Gasolina,Manual,Prata,Usado,129387,1.0,2,Picape,4,68740
453,Renault,Duster,2019,Diesel,Automático,Azul,Novo,0,1.8,2,SUV,0,55024
454,Jeep,Commander,2024,Híbrido,Automático,Branco,Usado,13171,1.8,4,SUV,2,93355
455,Jeep,Wrangler,2014,Flex,CVT,Prata,Usado,191080,1.0,4,SUV,4,35000
456,Renault,Sandero,2017,Flex,CVT,Preto,Usado,34420,1.8,2,Sedã,2,37480
457,Renault,Kwid,2024,Flex,Automático,Preto,Seminovo,197005,3.0,4,Picape,3,75434
458,Honda,Fit,2015,Flex,Automático,Azul,Usado,6077,1.6,2,Hatch,1,35000
459,Renault,Kwid,2013,Flex,Automático,Prata,Novo,0,1.5,4,SUV,0,35000
460,Chevrolet,Tracker,2016,Flex,Automático,Azul,Seminovo,46286,1.6,2,Sedã,1,46609
461,Fiat,Uno,2015,Flex,Automático,Prata,Seminovo,155492,1.5,2,SUV,1,35000
462,Jeep,Commander,2020,Flex,Manual,Cinza,Usado,32768,2.0,2,Hatch,1,66852
463,Nissan,Kicks,2023,Flex,Automático,Azul,Usado,86904,1.8,2,SUV,1,78506
464,Jeep,Compass,2013,Diesel,CVT,Cinza,Seminovo,184431,2.4,4,SUV,2,35000
465,Ford,Ranger,2017,Flex,Automático,Azul,Seminovo,123825,2.4,2,SUV,1,48269
466,Honda,HR-V,2019,Flex,Manual,Prata,Usado,138155,1.3,4,Sedã,1,43325
467,Fiat,Uno,2024,Flex,Automático,Vermelho,Seminovo,148641,1.4,4,Sedã,4,62372
468,Hyundai,Creta,2025,Flex,Automático,Cinza,Usado,147744,1.5,2,SUV,1,90007
469,Jeep,Wrangler,2013,Flex,Automático,Vermelho,Seminovo,51182,1.6,4,Picape,1,35000
470,Honda,City,2017,Flex,Automático,Branco,Seminovo,157244,1.0,2,Sedã,2,35000
471,Fiat,Toro,2018,Flex,Automático,Preto,Usado,83573,1.6,4,SUV,3,37139
472,Jeep,Renegade,2021,Elétrico,Automático,Preto,Usado,101789,3.0,2,Hatch,1,84903
473,Fiat,Toro,2013,Híbrido,CVT,Preto,Seminovo,168896,1.8,4,Picape,4,35000
474,Nissan,Kicks,2022,Gasolina,Manual,Vermelho,Seminovo,114375,1.4,4,SUV,2,56350
475,Toyota,Corolla,2022,Gasolina,Automático,Cinza,Usado,27194,1.4,4,Sedã,4,81710
476,Jeep,Wrangler,2021,Gasolina,Automático,Vermelho,Usado,98141,1.5,2,Picape,4,68458
477,Toyota,Etios,2025,Flex,Automático,Prata,Seminovo,13771,1.0,4,SUV,3,76606
478,Jeep,Wrangler,2023,Gasolina,Automático,Vermelho,Usado,126880,3.0,2,SUV,1,78884
479,Renault,Kwid,2022,Flex,Automático,Prata,Usado,145255,1.0,4,SUV,4,62677
480,Renault,Duster,2018,Flex,CVT,Prata,Seminovo,187203,1.6,4,Hatch,1,46543
481,Renault,Sandero,2021,Gasolina,CVT,Azul,Usado,132076,1.3,2,SUV,1,53237
482,Volkswagen,Polo,2021,Etanol,CVT,Branco,Usado,160128,1.4,4,Sedã,3,48536
483,Volkswagen,Polo,2019,Gasolina,Automático,Branco,Seminovo,43029,1.4,4,Hatch,4,53712
484,Chevrolet,S10,2023,Flex,Manual,Azul,Usado,173364,1.6,2,Hatch,1,60021
485,Renault,Logan,2019,Flex,Automático,Vermelho,Seminovo,129410,1.6,2,Picape,4,36435
486,Volkswagen,Virtus,2018,Flex,CVT,Azul,Usado,144275,1.8,4,Hatch,3,42134
487,Volkswagen,T-Cross,2024,Gasolina,Automático,Cinza,Seminovo,197495,1.5,4,Sedã,2,67465
488,Fiat,Uno,2022,Gasolina,Manual,Cinza,Seminovo,184699,2.4,4,Hatch,2,79089
489,Volkswagen,T-Cross,2015,Gasolina,Automático,Branco,Usado,162125,1.3,2,Sedã,1,35000
490,Ford,EcoSport,2022,Diesel,Automático,Preto,Usado,71410,1.6,4,Sedã,1,78118
491,Renault,Duster,2024,Flex,CVT,Prata,Seminovo,77689,1.0,4,Hatch,4,73184
492,Toyota,Hilux,2025,Etanol,Automático,Cinza,Usado,164986,2.0,2,Sedã,4,73354
493,Ford,EcoSport,2015,Flex,Manual,Cinza,Usado,14138,1.3,2,Hatch,3,35178
494,Toyota,Etios,2014,Flex,Manual,Branco,Usado,44742,1.8,4,SUV,1,35000
495,Renault,Logan,2018,Flex,Automático,Branco,Usado,105774,2.4,2,Hatch,3,50564
496,Volkswagen,Virtus,2012,Flex,CVT,Branco,Seminovo,26091,2.4,4,SUV,2,35000
497,Fiat,Uno,2018,Flex,Manual,Cinza,Usado,132533,1.3,4,SUV,2,35000
498,Toyota,Yaris,2012,Flex,Automático,Cinza,Seminovo,135989,3.0,4,SUV,1,35000
499,Hyundai,HB20,2017,Diesel,Manual,Branco,Seminovo,182754,3.0,2,Picape,2,35739
500,Toyota,Yaris,2019,Flex,Automático,Vermelho,Novo,0,1.0,2,Sedã,0,61731
501,Toyota,Hilux,2025,Diesel,Automático,Preto,Usado,219381,1.3,2,Hatch,4,78645
502,Jeep,Compass,2013,Diesel,Automático,Azul,Usado,36667,3.0,2,SUV,3,35000
503,Toyota,Yaris,2017,Gasolina,Manual,Cinza,Seminovo,150072,1.4,4,SUV,2,40664
504,Toyota,Yaris,2013,Diesel,Automático,Cinza,Usado,132655,1.3,2,Hatch,1,35000
505,Honda,HR-V,2018,Flex,Automático,Cinza,Usado,42509,1.6,4,Sedã,4,45338
506,Ford,Ka,2021,Gasolina,Automático,Branco,Usado,96187,2.0,2,SUV,2,59593
507,Honda,Civic,2021,Flex,Automático,Vermelho,Usado,206937,1.5,4,Picape,1,46292
508,Honda,Fit,2022,Diesel,CVT,Cinza,Seminovo,19163,1.8,4,Hatch,2,77409
509,Volkswagen,T-Cross,2021,Diesel,Automático,Branco,Seminovo,145865,1.4,2,Hatch,1,59824
510,Fiat,Uno,2013,Híbrido,Automático,Vermelho,Usado,57101,1.8,2,Picape,1,35000
511,Chevrolet,Onix,2015,Flex,CVT,Cinza,Usado,128467,2.4,2,Hatch,4,35000
512,Chevrolet,S10,2014,Flex,Manual,Azul,Seminovo,75698,1.5,4,SUV,2,35000
513,Jeep,Renegade,2016,Gasolina,CVT,Cinza,Seminovo,62633,1.6,2,SUV,2,43832
514,Fiat,Argo,2013,Flex,Automático,Preto,Usado,78182,1.0,4,Picape,2,35000
515,Hyundai,i30,2021,Etanol,CVT,Preto,Usado,114516,1.0,2,Hatch,4,59360
516,Toyota,Etios,2020,Flex,CVT,Azul,Usado,134836,1.5,2,Picape,1,62926
517,Nissan,Kicks,2014,Flex,Manual,Branco,Novo,0,1.4,4,SUV,0,35790
518,Jeep,Renegade,2019,Flex,Manual,Azul,Seminovo,169314,2.4,2,SUV,1,52665
519,Hyundai,HB20,2016,Flex,Manual,Vermelho,Usado,211488,1.3,4,Sedã,1,35000
520,Hyundai,HB20,2013,Flex,Automático,Branco,Seminovo,174914,3.0,2,Sedã,2,35000
521,Hyundai,Creta,2020,Gasolina,Automático,Vermelho,Usado,202439,1.5,4,Sedã,3,43564
522,Fiat,Mobi,2016,Gasolina,Automático,Cinza,Seminovo,128250,3.0,4,Hatch,4,52587
523,Hyundai,HB20,2015,Híbrido,Automático,Branco,Seminovo,80595,1.3,2,Sedã,2,35000
524,Honda,Fit,2019,Gasolina,Manual,Azul,Novo,0,3.0,2,Picape,0,74528
525,Hyundai,i30,2019,Flex,Manual,Preto,Novo,0,3.0,4,Sedã,0,72490
526,Jeep,Commander,2022,Flex,Manual,Vermelho,Usado,125063,1.6,2,Picape,3,58521
527,Volkswagen,Polo,2019,Flex,Manual,Branco,Seminovo,124518,1.4,2,SUV,3,40610
528,Ford,Focus,2014,Etanol,Manual,Prata,Usado,73264,1.8,2,Picape,2,35000
529,Toyota,Hilux,2017,Gasolina,Automático,Preto,Usado,11533,2.0,4,Hatch,2,53086
530,Hyundai,Creta,2012,Elétrico,Automático,Vermelho,Seminovo,129232,1.6,2,SUV,4,35000
531,Honda,City,2012,Gasolina,Automático,Prata,Novo,0,2.4,4,Sedã,0,35000
532,Hyundai,HB20,2021,Flex,Automático,Preto,Usado,56305,1.0,2,SUV,4,69681
533,Honda,City,2015,Flex,Automático,Vermelho,Usado,109217,1.4,4,SUV,3,35000
534,Hyundai,HB20,2016,Flex,Manual,Cinza,Usado,61543,2.4,4,Hatch,4,41633
535,Ford,EcoSport,2023,Híbrido,Manual,Vermelho,Usado,59469,1.6,4,Sedã,3,65808
536,Jeep,Wrangler,2013,Gasolina,Automático,Prata,Seminovo,191186,1.4,2,Picape,2,35000
537,Volkswagen,Virtus,2012,Diesel,Manual,Vermelho,Seminovo,63856,1.0,2,Picape,2,35000
538,Volkswagen,Virtus,2013,Flex,CVT,Cinza,Seminovo,12456,1.3,4,Sedã,4,35000
539,Jeep,Commander,2021,Flex,Automático,Prata,Usado,186992,1.3,4,Picape,1,48244
540,Ford,Ka,2014,Flex,CVT,Preto,Seminovo,76478,1.8,4,Hatch,3,35000
541,Volkswagen,T-Cross,2020,Flex,Manual,Preto,Usado,205458,1.3,2,Sedã,3,43124
542,Volkswagen,T-Cross,2022,Flex,Automático,Vermelho,Usado,8381,1.4,4,Sedã,3,76318
543,Nissan,Sentra,2014,Gasolina,Manual,Preto,Usado,114404,2.4,2,Hatch,1,35000
544,Toyota,Etios,2017,Flex,Automático,Cinza,Usado,50143,1.6,2,SUV,1,38674
545,Ford,Focus,2023,Etanol,Manual,Preto,Usado,186093,1.3,2,Picape,1,66680
546,Nissan,Versa,2015,Gasolina,Automático,Vermelho,Usado,36174,1.6,2,Picape,1,35000
547,Toyota,Corolla,2024,Gasolina,Automático,Vermelho,Usado,180793,1.8,2,Sedã,1,66005
548,Volkswagen,T-Cross,2017,Gasolina,Automático,Azul,Usado,30979,1.0,2,Hatch,2,36756
549,Ford,Ka,2023,Gasolina,Manual,Vermelho,Usado,101066,1.4,4,Picape,1,64440
550,Hyundai,i30,2018,Etanol,Manual,Branco,Usado,37405,2.4,2,SUV,2,61353
551,Hyundai,Tucson,2020,Flex,Manual,Cinza,Seminovo,124785,1.6,4,SUV,2,60067
552,Nissan,Sentra,2025,Flex,CVT,Cinza,Usado,52001,1.0,4,SUV,1,82827
553,Renault,Kwid,2013,Gasolina,Automático,Vermelho,Usado,21963,1.8,2,Sedã,3,35000
554,Jeep,Wrangler,2013,Etanol,Automático,Cinza,Seminovo,203260,2.0,4,SUV,4,35000
555,Jeep,Wrangler,2019,Flex,Manual,Cinza,Seminovo,133277,2.4,2,SUV,2,43910
556,Honda,Civic,2025,Gasolina,Automático,Preto,Seminovo,45038,1.6,2,SUV,1,97458
557,Fiat,Mobi,2024,Flex,Manual,Cinza,Seminovo,147196,1.8,2,SUV,1,78027
558,Honda,City,2019,Flex,Automático,Cinza,Novo,0,3.0,4,Sedã,0,82136
559,Ford,EcoSport,2018,Gasolina,Automático,Cinza,Usado,178035,3.0,4,Picape,4,57680
560,Ford,Ka,2018,Etanol,Automático,Cinza,Usado,205925,1.6,4,SUV,1,35000
561,Jeep,Renegade,2014,Diesel,Manual,Azul,Usado,104765,1.3,4,SUV,3,35000
562,Nissan,Sentra,2012,Flex,Manual,Azul,Seminovo,185352,1.3,4,Hatch,1,35000
563,Ford,Ka,2020,Flex,Automático,Cinza,Usado,74892,1.0,4,Picape,1,50879
564,Nissan,March,2017,Flex,CVT,Branco,Usado,93071,2.4,4,Sedã,2,55300
565,Volkswagen,T-Cross,2018,Etanol,Automático,Branco,Usado,80328,1.6,2,Sedã,3,53266
566,Nissan,Kicks,2021,Flex,Manual,Vermelho,Seminovo,76660,1.3,4,SUV,4,55439
567,Hyundai,HB20,2022,Diesel,Automático,Prata,Seminovo,57448,2.0,4,SUV,3,82382
568,Fiat,Mobi,2022,Diesel,Manual,Branco,Usado,156216,2.4,2,Sedã,4,66381
569,Fiat,Mobi,2021,Flex,Manual,Preto,Seminovo,68012,1.4,4,Sedã,4,63602
570,Hyundai,HB20,2022,Etanol,Automático,Prata,Usado,185054,1.5,4,SUV,2,50916
571,Ford,Focus,2012,Etanol,CVT,Cinza,Seminovo,115629,1.0,2,Picape,2,35000
572,Ford,Ka,2016,Diesel,Manual,Vermelho,Seminovo,194392,2.4,2,Hatch,1,35000
573,Hyundai,Tucson,2025,Gasolina,CVT,Prata,Usado,109043,1.4,2,Hatch,1,87585
574,Fiat,Uno,2020,Flex,Automático,Vermelho,Seminovo,67410,1.3,4,Hatch,3,62954
575,Nissan,Kicks,2018,Etanol,Manual,Preto,Usado,112053,1.6,2,Picape,4,49415
576,Hyundai,HB20,2017,Flex,Automático,Preto,Usado,100157,2.4,4,Sedã,3,35277
577,Jeep,Renegade,2025,Flex,Automático,Branco,Usado,71317,3.0,4,Sedã,3,107231
578,Hyundai,HB20,2020,Híbrido,CVT,Cinza,Novo,0,1.6,4,Picape,0,54857
579,Chevrolet,Tracker,2015,Híbrido,Manual,Cinza,Usado,211914,1.0,4,Picape,1,35000
580,Renault,Logan,2025,Flex,Automático,Branco,Usado,137732,1.3,4,SUV,4,85411
581,Fiat,Toro,2019,Flex,Automático,Azul,Usado,212360,1.4,2,Picape,4,35000
582,Volkswagen,T-Cross,2021,Gasolina,Manual,Vermelho,Usado,160717,2.0,4,Sedã,4,63817
583,Ford,Ranger,2014,Flex,CVT,Prata,Seminovo,101364,1.4,4,Picape,4,35000
584,Chevrolet,Onix,2012,Híbrido,Automático,Azul,Seminovo,126221,1.5,4,Hatch,2,35000
585,Nissan,March,2021,Etanol,Manual,Prata,Seminovo,8700,3.0,4,Hatch,4,91376
586,Renault,Kwid,2015,Flex,Manual,Prata,Seminovo,105158,1.4,4,Picape,2,35000
587,Chevrolet,Tracker,2023,Flex,Automático,Cinza,Usado,81072,1.6,2,Hatch,4,70050
588,Hyundai,i30,2013,Gasolina,Manual,Prata,Usado,185054,1.5,4,Picape,4,35000
589,Volkswagen,Gol,2013,Flex,Manual,Preto,Seminovo,163957,1.0,2,SUV,3,35000
590,Jeep,Wrangler,2016,Elétrico,Automático,Preto,Usado,157171,1.4,4,Hatch,2,35000
591,Renault,Duster,2019,Gasolina,Manual,Vermelho,Seminovo,35629,1.8,2,SUV,2,61707
592,Volkswagen,T-Cross,2018,Etanol,CVT,Vermelho,Usado,140521,1.8,4,SUV,2,41797
593,Renault,Sandero,2020,Híbrido,Automático,Cinza,Novo,0,1.0,2,Sedã,0,52501
594,Toyota,Etios,2016,Gasolina,Automático,Branco,Usado,15693,2.4,4,Picape,4,50843
595,Renault,Kwid,2025,Flex,Manual,Prata,Seminovo,52357,1.4,4,SUV,2,92532
596,Toyota,Yaris,2018,Híbrido,Manual,Cinza,Usado,11805,1.6,2,SUV,4,52195
597,Jeep,Renegade,2025,Flex,Manual,Cinza,Usado,124027,1.6,2,Picape,3,70913
598,Jeep,Wrangler,2017,Híbrido,CVT,Vermelho,Seminovo,215123,1.6,4,Hatch,1,35000
599,Fiat,Mobi,2013,Flex,Manual,Cinza,Seminovo,47713,2.0,4,Sedã,3,35000
600,Ford,Ka,2016,Flex,Automático,Prata,Usado,99121,1.3,4,Sedã,2,35313
601,Renault,Logan,2019,Etanol,Automático,Branco,Usado,165921,1.4,4,SUV,4,35000
602,Toyota,Hilux,2019,Flex,Automático,Azul,Seminovo,143222,3.0,2,Picape,3,62884
603,Nissan,Versa,2024,Flex,Manual,Preto,Usado,70183,3.0,4,SUV,3,99514
604,Toyota,Corolla,2012,Flex,Automático,Cinza,Seminovo,98181,1.6,2,SUV,1,35000
605,Renault,Sandero,2024,Gasolina,Automático,Branco,Seminovo,87299,2.4,4,SUV,3,85300
606,Ford,Focus,2014,Gasolina,CVT,Prata,Usado,118717,3.0,2,Hatch,1,35000
607,Honda,Civic,2014,Flex,Automático,Cinza,Usado,84377,1.8,4,Picape,3,35000
608,Ford,Focus,2012,Gasolina,CVT,Azul,Usado,59848,2.4,2,Hatch,2,35000
609,Fiat,Argo,2013,Flex,Automático,Cinza,Seminovo,48543,1.4,4,Hatch,4,35000
610,Toyota,Etios,2021,Etanol,Manual,Cinza,Novo,0,1.3,4,Hatch,0,68321
611,Renault,Duster,2012,Flex,Automático,Vermelho,Usado,65792,1.0,2,Picape,4,35000
612,Hyundai,HB20,2016,Híbrido,Automático,Cinza,Seminovo,122525,2.0,2,SUV,2,35000
613,Chevrolet,S10,2017,Flex,Automático,Vermelho,Usado,162836,2.4,2,SUV,3,53264
614,Nissan,March,2025,Híbrido,Automático,Prata,Usado,168012,1.5,4,Sedã,1,86917
615,Renault,Sandero,2014,Gasolina,Automático,Branco,Usado,84600,1.5,2,Picape,1,35000
616,Hyundai,Tucson,2017,Flex,Manual,Vermelho,Novo,0,1.8,4,Hatch,0,40934
617,Jeep,Compass,2013,Flex,Automático,Prata,Usado,206875,3.0,4,Hatch,2,35000
618,Fiat,Uno,2023,Gasolina,CVT,Cinza,Usado,32758,1.3,2,Hatch,1,68552
619,Honda,Fit,2017,Gasolina,Manual,Cinza,Usado,197034,1.3,2,Picape,3,35000
620,Ford,Ka,2025,Etanol,CVT,Branco,Seminovo,94475,1.6,2,Picape,1,80558
621,Hyundai,i30,2017,Flex,Manual,Vermelho,Seminovo,41174,2.0,4,Sedã,4,50738
622,Fiat,Toro,2012,Flex,Automático,Azul,Usado,27224,1.8,4,Hatch,4,35000
623,Nissan,Versa,2018,Diesel,Automático,Azul,Seminovo,170572,3.0,4,Hatch,4,53026
624,Fiat,Toro,2023,Flex,CVT,Branco,Usado,188578,2.0,4,Sedã,2,74752
625,Jeep,Wrangler,2023,Flex,CVT,Azul,Seminovo,84044,1.3,2,Sedã,3,71755
626,Ford,Ranger,2015,Gasolina,Automático,Vermelho,Seminovo,11139,1.0,4,Sedã,2,35000
627,Nissan,Versa,2023,Gasolina,Automático,Azul,Usado,17512,1.3,4,Hatch,3,83056
628,Toyota,Etios,2017,Elétrico,CVT,Vermelho,Usado,96838,1.6,4,Sedã,2,51059
629,Nissan,Kicks,2013,Flex,Automático,Prata,Seminovo,191552,2.0,4,Sedã,1,35000
630,Toyota,Etios,2014,Flex,Automático,Prata,Usado,159203,3.0,4,Picape,3,37909
631,Renault,Logan,2019,Flex,CVT,Azul,Usado,42839,3.0,2,Sedã,4,78874
632,Renault,Sandero,2023,Flex,Automático,Azul,Seminovo,13547,1.4,4,Picape,1,85229
633,Nissan,Versa,2013,Flex,Manual,Vermelho,Seminovo,84934,1.8,4,SUV,3,35000
634,Toyota,Yaris,2014,Diesel,Automático,Prata,Usado,52992,2.4,2,Sedã,1,39801
635,Hyundai,HB20,2025,Gasolina,Automático,Prata,Usado,209826,2.0,4,SUV,2,70752
636,Fiat,Mobi,2024,Flex,Automático,Azul,Seminovo,106511,1.5,4,Picape,3,82206
637,Toyota,Etios,2023,Etanol,Manual,Preto,Usado,152074,1.3,2,SUV,2,73807
638,Fiat,Uno,2021,Flex,Automático,Vermelho,Usado,177557,3.0,2,Hatch,1,64804
639,Chevrolet,Cruze,2025,Flex,CVT,Cinza,Seminovo,110328,1.0,4,SUV,1,76312
640,Nissan,Kicks,2018,Gasolina,Automático,Cinza,Seminovo,31039,3.0,2,Hatch,3,55735
641,Ford,Ranger,2024,Gasolina,Manual,Cinza,Usado,166081,1.8,2,Hatch,1,85786
642,Toyota,Hilux,2018,Gasolina,Manual,Prata,Seminovo,18599,1.5,2,Hatch,2,54665
643,Fiat,Mobi,2013,Etanol,Manual,Vermelho,Seminovo,12577,2.0,2,Picape,1,35000
644,Fiat,Uno,2015,Diesel,Automático,Preto,Seminovo,121911,1.3,2,Picape,2,35000
645,Fiat,Argo,2024,Etanol,CVT,Vermelho,Seminovo,218029,2.4,4,Hatch,2,63674
646,Toyota,Etios,2016,Flex,CVT,Cinza,Usado,158395,3.0,4,Sedã,1,35117
647,Fiat,Uno,2016,Gasolina,Automático,Preto,Usado,118236,1.5,4,SUV,3,40354
648,Volkswagen,Virtus,2016,Etanol,CVT,Prata,Seminovo,9161,1.4,2,SUV,4,35000
649,Toyota,Yaris,2018,Flex,Automático,Cinza,Usado,211387,1.3,2,Hatch,4,43317
650,Honda,HR-V,2025,Flex,Automático,Cinza,Seminovo,37706,2.4,4,Hatch,2,98150
651,Toyota,Yaris,2023,Gasolina,Manual,Azul,Seminovo,218983,1.6,2,Hatch,2,67062
652,Hyundai,HB20,2016,Flex,Automático,Vermelho,Seminovo,172362,2.0,2,Sedã,3,38359
653,Fiat,Mobi,2014,Flex,Automático,Vermelho,Usado,22133,1.4,2,Sedã,2,35000
654,Jeep,Compass,2020,Flex,Manual,Azul,Novo,0,3.0,4,SUV,0,64564
655,Nissan,Versa,2025,Híbrido,Automático,Cinza,Seminovo,134911,1.8,2,Picape,2,71945
656,Volkswagen,Virtus,2020,Flex,Manual,Preto,Seminovo,198316,1.5,4,Hatch,1,43325
657,Chevrolet,Cruze,2017,Flex,Automático,Branco,Novo,0,1.0,4,Picape,0,38205
658,Chevrolet,Onix,2019,Etanol,Manual,Branco,Usado,24113,2.4,2,Sedã,4,70640
659,Honda,Civic,2012,Híbrido,Automático,Azul,Novo,0,1.0,4,Sedã,0,35000
660,Volkswagen,Virtus,2013,Gasolina,Manual,Branco,Seminovo,110298,1.3,4,Picape,2,35000
661,Jeep,Renegade,2019,Flex,Automático,Vermelho,Usado,175635,1.0,4,SUV,3,46210
662,Chevrolet,Onix,2013,Gasolina,Automático,Vermelho,Usado,155264,1.4,4,Sedã,3,35000
663,Renault,Logan,2014,Etanol,Automático,Branco,Seminovo,139512,1.8,4,Picape,2,35000
664,Renault,Duster,2021,Flex,Automático,Branco,Usado,20025,1.5,2,Sedã,4,66164
665,Chevrolet,Cruze,2022,Híbrido,Automático,Prata,Seminovo,187132,2.4,4,Picape,3,75317
666,Volkswagen,Virtus,2017,Gasolina,Automático,Branco,Seminovo,172448,1.5,2,Hatch,4,41148
667,Chevrolet,Cruze,2019,Flex,CVT,Prata,Usado,58822,2.0,2,Picape,1,57182
668,Toyota,Corolla,2017,Gasolina,Manual,Prata,Seminovo,16509,1.0,2,SUV,2,37988
669,Ford,Focus,2016,Flex,Manual,Vermelho,Seminovo,10634,1.4,4,Sedã,1,35000
670,Ford,EcoSport,2022,Diesel,Manual,Preto,Seminovo,101899,1.8,2,Sedã,4,79844
671,Honda,Civic,2014,Híbrido,Manual,Preto,Seminovo,187020,1.8,4,Picape,4,35000
672,Chevrolet,Onix,2024,Flex,Manual,Vermelho,Seminovo,90899,1.5,2,Sedã,3,69871
673,Fiat,Mobi,2015,Flex,Automático,Azul,Usado,138330,2.0,4,Sedã,4,35000
674,Renault,Sandero,2017,Flex,Automático,Cinza,Usado,129192,1.6,4,Picape,1,35000
675,Chevrolet,Cruze,2019,Híbrido,Automático,Prata,Seminovo,154781,1.4,4,Picape,3,50257
676,Honda,Fit,2024,Gasolina,Automático,Prata,Seminovo,126963,3.0,4,Hatch,4,91125
677,Renault,Logan,2018,Flex,Automático,Prata,Seminovo,120785,1.5,4,Sedã,1,42103
678,Honda,HR-V,2025,Flex,Automático,Branco,Usado,30797,1.3,2,Sedã,3,75490
679,Fiat,Argo,2017,Gasolina,Manual,Prata,Usado,54975,1.4,4,SUV,1,39015
680,Volkswagen,T-Cross,2024,Elétrico,CVT,Vermelho,Usado,128733,3.0,2,Hatch,4,83658
681,Chevrolet,Cruze,2019,Etanol,Automático,Vermelho,Usado,94301,1.3,4,Picape,2,50205
682,Nissan,Kicks,2019,Flex,Automático,Prata,Seminovo,85103,1.0,4,Sedã,3,45326
683,Chevrolet,S10,2018,Flex,Automático,Azul,Usado,158866,1.0,2,SUV,2,35000
684,Hyundai,i30,2018,Etanol,Automático,Vermelho,Seminovo,33478,1.8,4,Picape,3,43076
685,Ford,Ka,2022,Flex,Manual,Azul,Usado,53940,1.5,2,Hatch,4,66984
686,Chevrolet,Cruze,2016,Flex,Manual,Branco,Seminovo,50043,1.8,4,Hatch,4,35000
687,Honda,Fit,2020,Flex,Automático,Cinza,Usado,39060,1.5,4,Sedã,4,71129
688,Renault,Sandero,2021,Flex,Manual,Preto,Usado,77205,1.5,2,Picape,2,64928
689,Honda,City,2021,Diesel,Automático,Vermelho,Usado,126292,1.0,2,Picape,3,63073
690,Renault,Duster,2023,Diesel,Automático,Cinza,Usado,113803,1.5,2,Sedã,4,73397
691,Nissan,Kicks,2023,Flex,Automático,Branco,Seminovo,76768,3.0,4,Sedã,1,97731
692,Chevrolet,S10,2018,Elétrico,Automático,Prata,Novo,0,3.0,4,Hatch,0,66938
693,Renault,Sandero,2016,Etanol,Manual,Branco,Novo,0,2.0,4,Picape,0,46585
694,Chevrolet,S10,2012,Gasolina,Manual,Preto,Seminovo,132076,2.4,2,Picape,1,35000
695,Chevrolet,S10,2014,Flex,Manual,Preto,Seminovo,164118,1.3,2,Hatch,3,35000
696,Fiat,Mobi,2014,Gasolina,Automático,Azul,Seminovo,98870,1.4,2,Picape,1,35000
697,Fiat,Argo,2019,Flex,CVT,Vermelho,Usado,107398,1.6,4,Hatch,1,57409
698,Toyota,Corolla,2024,Flex,Manual,Preto,Seminovo,57425,1.3,2,Sedã,4,67521
699,Toyota,Hilux,2025,Gasolina,Automático,Preto,Usado,213908,1.4,2,Hatch,1,74108
700,Fiat,Uno,2025,Flex,Automático,Preto,Usado,117166,1.3,2,Picape,2,70795
701,Hyundai,Tucson,2014,Gasolina,Automático,Branco,Seminovo,62696,1.3,4,Picape,3,35000
702,Honda,Fit,2018,Flex,Automático,Branco,Usado,71044,1.3,4,Sedã,4,54729
703,Ford,Ranger,2014,Flex,CVT,Prata,Usado,22698,1.8,2,Picape,4,35000
704,Fiat,Argo,2020,Flex,CVT,Preto,Novo,0,1.6,2,Hatch,0,65941
705,Chevrolet,Onix,2012,Gasolina,Automático,Preto,Seminovo,173306,1.0,2,Sedã,4,35000
706,Ford,Ranger,2017,Flex,Automático,Vermelho,Usado,174881,1.6,2,Picape,2,35000
707,Hyundai,Creta,2015,Flex,CVT,Azul,Usado,164400,2.0,4,Sedã,2,35000
708,Toyota,Corolla,2025,Flex,CVT,Branco,Usado,58535,1.4,2,Sedã,2,92336
709,Fiat,Argo,2015,Flex,Automático,Cinza,Seminovo,69205,2.0,2,Sedã,2,35000
710,Volkswagen,Virtus,2022,Etanol,CVT,Cinza,Seminovo,109397,2.0,2,SUV,4,72211
711,Nissan,March,2024,Gasolina,CVT,Cinza,Novo,0,2.0,2,Picape,0,87337
712,Jeep,Compass,2020,Flex,Manual,Cinza,Seminovo,103342,3.0,4,SUV,1,67151
713,Ford,EcoSport,2015,Gasolina,Manual,Branco,Usado,133831,2.0,4,SUV,4,35000
714,Nissan,March,2016,Flex,Automático,Cinza,Usado,105879,1.4,2,Hatch,4,35000
715,Hyundai,i30,2022,Flex,Automático,Azul,Seminovo,197849,1.5,2,Picape,4,47302
716,Hyundai,HB20,2023,Flex,Manual,Vermelho,Seminovo,71660,1.5,2,Sedã,1,65592
717,Honda,City,2018,Flex,CVT,Branco,Usado,115872,1.4,4,Sedã,3,52500
718,Volkswagen,Virtus,2021,Flex,Automático,Azul,Usado,171770,1.8,2,Hatch,3,52323
719,Nissan,Sentra,2012,Elétrico,CVT,Branco,Seminovo,142615,2.0,4,Picape,4,35000
720,Ford,Ranger,2014,Flex,Manual,Preto,Usado,123138,1.5,2,Hatch,2,35000
721,Ford,Focus,2016,Elétrico,CVT,Cinza,Usado,171837,1.4,2,Hatch,3,35000
722,Nissan,Versa,2016,Gasolina,Manual,Preto,Seminovo,7492,1.0,4,Hatch,1,45701
723,Jeep,Renegade,2013,Etanol,Automático,Cinza,Usado,132382,2.4,4,SUV,4,35000
724,Hyundai,Tucson,2017,Diesel,CVT,Azul,Seminovo,98330,1.8,2,Hatch,1,44305
725,Nissan,Kicks,2012,Flex,CVT,Prata,Usado,101581,2.4,4,Sedã,4,35000
726,Chevrolet,Onix,2022,Elétrico,CVT,Branco,Usado,216696,1.8,4,Hatch,2,67246
727,Renault,Logan,2023,Flex,Manual,Cinza,Usado,177579,1.3,4,Picape,3,71388
728,Chevrolet,Cruze,2025,Flex,Automático,Azul,Usado,135528,1.3,4,Sedã,4,71363
729,Renault,Kwid,2019,Flex,Manual,Preto,Seminovo,32648,2.0,2,Hatch,2,58086
730,Nissan,Sentra,2015,Flex,Automático,Azul,Seminovo,145127,2.4,2,Sedã,3,35000
731,Jeep,Renegade,2022,Flex,CVT,Azul,Usado,176421,3.0,4,Picape,2,68711
732,Volkswagen,Gol,2016,Gasolina,Manual,Azul,Usado,200197,1.3,4,Sedã,2,35000
733,Nissan,Versa,2016,Gasolina,Automático,Cinza,Usado,207186,1.8,2,SUV,2,35000
734,Nissan,Versa,2020,Híbrido,Manual,Prata,Usado,183252,2.4,2,Picape,3,49218
735,Toyota,Hilux,2016,Flex,Automático,Prata,Usado,170433,1.5,4,Picape,3,38438
736,Nissan,Versa,2024,Flex,CVT,Preto,Usado,188607,1.0,2,Sedã,4,77246
737,Nissan,Sentra,2025,Flex,CVT,Branco,Usado,115739,2.4,4,SUV,4,90154
738,Honda,HR-V,2016,Flex,Manual,Vermelho,Seminovo,89782,1.0,4,Sedã,4,38768
739,Ford,Focus,2019,Flex,Manual,Preto,Seminovo,197759,1.0,4,Sedã,1,47406
740,Ford,EcoSport,2018,Flex,Manual,Branco,Seminovo,52089,1.0,2,Picape,3,50776
741,Nissan,Kicks,2022,Flex,Manual,Branco,Seminovo,84348,1.4,4,Picape,1,69545
742,Nissan,Sentra,2022,Flex,Automático,Branco,Seminovo,133245,3.0,2,Hatch,1,84069
743,Jeep,Wrangler,2016,Flex,Manual,Vermelho,Seminovo,173977,2.0,4,Picape,2,35000
744,Hyundai,HB20,2023,Híbrido,Automático,Preto,Seminovo,108231,3.0,4,Hatch,1,89344
745,Jeep,Renegade,2024,Diesel,CVT,Branco,Seminovo,6395,3.0,4,Sedã,3,90019
746,Toyota,Yaris,2021,Etanol,Manual,Vermelho,Seminovo,27180,1.3,4,Hatch,3,70364
747,Ford,EcoSport,2022,Gasolina,Manual,Vermelho,Usado,177794,3.0,4,SUV,2,80185
748,Renault,Duster,2020,Híbrido,CVT,Vermelho,Usado,185336,1.3,2,Sedã,2,35576
749,Chevrolet,Cruze,2016,Híbrido,Manual,Preto,Usado,160132,1.8,4,Sedã,2,42780
750,Jeep,Wrangler,2013,Flex,Manual,Azul,Usado,124555,1.3,4,Picape,4,35000
751,Ford,Focus,2013,Flex,Manual,Azul,Usado,192287,1.8,2,Sedã,4,35000
752,Hyundai,i30,2018,Gasolina,Automático,Branco,Seminovo,184301,3.0,4,Hatch,1,49547
753,Honda,HR-V,2017,Diesel,Manual,Preto,Seminovo,103869,1.5,4,Hatch,1,35000
754,Ford,Ranger,2021,Diesel,Automático,Vermelho,Seminovo,149583,1.6,2,SUV,1,51028
755,Hyundai,i30,2014,Flex,Automático,Vermelho,Usado,130006,1.4,4,Picape,1,35000
756,Fiat,Argo,2022,Gasolina,Automático,Azul,Seminovo,190467,1.5,4,SUV,4,52761
757,Renault,Duster,2024,Flex,Manual,Cinza,Usado,85003,1.3,4,Sedã,4,74646
758,Honda,Civic,2013,Flex,CVT,Preto,Usado,199880,1.6,4,Hatch,1,35000
759,Fiat,Argo,2019,Flex,Automático,Azul,Usado,111291,1.0,2,Hatch,1,55497
760,Nissan,Sentra,2015,Elétrico,Automático,Vermelho,Usado,164219,2.4,2,Hatch,2,35000
761,Honda,HR-V,2025,Gasolina,Automático,Branco,Seminovo,49691,1.8,2,Picape,3,99475
762,Chevrolet,Onix,2016,Etanol,Manual,Preto,Novo,0,1.5,4,Picape,0,50068
763,Fiat,Uno,2019,Híbrido,CVT,Branco,Seminovo,91127,1.6,4,Picape,1,39277
764,Hyundai,Creta,2018,Flex,Manual,Cinza,Seminovo,112667,1.3,4,Sedã,1,35000
765,Volkswagen,Polo,2019,Flex,Manual,Cinza,Usado,33493,2.4,4,SUV,2,55503
766,Hyundai,i30,2012,Flex,CVT,Preto,Seminovo,15552,1.4,4,SUV,4,35000
767,Toyota,Yaris,2022,Gasolina,Automático,Azul,Usado,115387,2.4,4,Hatch,2,71514
768,Nissan,March,2014,Gasolina,Manual,Branco,Seminovo,136072,1.0,2,SUV,1,35000
769,Hyundai,i30,2021,Flex,Automático,Prata,Seminovo,204465,2.0,2,Hatch,2,68538
770,Fiat,Argo,2015,Etanol,Manual,Prata,Usado,179674,2.0,2,Sedã,4,36775
771,Honda,Fit,2015,Elétrico,Automático,Azul,Seminovo,39680,2.0,2,Hatch,3,35000
772,Ford,EcoSport,2012,Flex,Manual,Branco,Seminovo,188542,1.5,2,SUV,3,35000
773,Renault,Kwid,2020,Flex,Manual,Branco,Seminovo,97018,2.0,2,SUV,3,49296
774,Ford,Ka,2012,Gasolina,Automático,Preto,Seminovo,163996,1.3,4,SUV,2,35000
775,Renault,Duster,2017,Flex,Manual,Branco,Usado,91825,1.8,4,Sedã,3,37661
776,Volkswagen,Polo,2021,Flex,CVT,Preto,Usado,15758,1.5,2,Hatch,4,58471
777,Honda,HR-V,2016,Flex,CVT,Preto,Usado,16484,1.4,2,Sedã,4,44819
778,Volkswagen,T-Cross,2017,Flex,Automático,Cinza,Novo,0,3.0,2,Picape,0,53470
779,Jeep,Commander,2023,Elétrico,Manual,Vermelho,Novo,0,2.0,4,Sedã,0,94436
780,Fiat,Uno,2014,Flex,Automático,Vermelho,Usado,164178,1.6,2,Picape,2,35000
781,Ford,Focus,2021,Flex,CVT,Vermelho,Seminovo,84537,1.5,4,SUV,3,67829
782,Honda,Fit,2015,Gasolina,Manual,Branco,Usado,39857,1.6,2,SUV,2,35000
783,Fiat,Uno,2012,Flex,Automático,Prata,Seminovo,194288,1.4,4,SUV,3,35000
784,Toyota,Corolla,2025,Flex,Automático,Prata,Seminovo,145873,1.3,4,Hatch,3,85550
785,Jeep,Compass,2025,Flex,Manual,Preto,Usado,45800,2.4,2,Picape,4,95015
786,Ford,EcoSport,2013,Flex,Automático,Preto,Seminovo,196228,1.4,4,Picape,1,35000
787,Ford,Focus,2025,Flex,Automático,Branco,Seminovo,69291,2.4,4,Picape,1,104790
788,Fiat,Argo,2023,Diesel,Manual,Branco,Seminovo,33845,1.0,2,Hatch,2,68429
789,Honda,HR-V,2014,Híbrido,Automático,Branco,Usado,147179,1.8,2,Hatch,2,35000
790,Renault,Logan,2025,Gasolina,Manual,Preto,Seminovo,169491,3.0,2,SUV,1,79899
791,Honda,HR-V,2013,Flex,CVT,Preto,Novo,0,1.0,2,Sedã,0,35000
792,Nissan,Kicks,2017,Flex,Manual,Azul,Seminovo,133927,1.4,2,Hatch,2,35000
793,Volkswagen,T-Cross,2013,Flex,Manual,Branco,Usado,51679,2.0,4,Sedã,2,35128
794,Nissan,Kicks,2022,Flex,Automático,Prata,Seminovo,76065,2.4,4,Hatch,3,87322
795,Honda,Civic,2025,Híbrido,Manual,Azul,Seminovo,107393,2.4,4,Sedã,1,81716
796,Jeep,Wrangler,2023,Etanol,Manual,Preto,Seminovo,97434,1.8,4,Picape,4,78175
797,Nissan,Sentra,2014,Diesel,Automático,Preto,Seminovo,146229,3.0,4,Picape,2,35000
798,Honda,City,2020,Flex,Automático,Azul,Seminovo,66654,1.8,2,Hatch,2,48929
799,Hyundai,i30,2014,Híbrido,Manual,Prata,Seminovo,82253,2.4,2,Sedã,4,35000
800,Chevrolet,Cruze,2012,Flex,Manual,Azul,Usado,197172,1.0,4,Picape,3,35000
801,Honda,Civic,2019,Diesel,CVT,Branco,Seminovo,25707,1.5,2,Sedã,1,62093
802,Nissan,Kicks,2024,Gasolina,Automático,Azul,Usado,128256,2.0,4,SUV,4,88369
803,Toyota,Hilux,2013,Gasolina,CVT,Branco,Usado,136935,1.4,2,Sedã,4,35000
804,Renault,Duster,2021,Flex,Automático,Cinza,Usado,29100,3.0,4,SUV,2,74614
805,Nissan,Versa,2015,Flex,CVT,Vermelho,Usado,219055,2.4,4,Hatch,3,35462
806,Nissan,March,2014,Gasolina,Automático,Cinza,Seminovo,32367,1.3,4,Hatch,3,35000
807,Chevrolet,Tracker,2014,Flex,Manual,Vermelho,Novo,0,1.5,2,SUV,0,38918
808,Toyota,Yaris,2016,Gasolina,Automático,Branco,Usado,16974,1.0,4,Picape,1,35000
809,Toyota,Hilux,2024,Etanol,Automático,Preto,Seminovo,195234,1.8,2,Picape,1,70937
810,Nissan,Versa,2020,Diesel,Manual,Vermelho,Usado,158710,1.0,4,Picape,2,38768
811,Renault,Kwid,2022,Gasolina,Automático,Preto,Usado,206543,1.4,4,Sedã,4,48875
812,Hyundai,Tucson,2017,Flex,CVT,Branco,Usado,67681,1.5,2,Picape,2,47661
813,Renault,Kwid,2024,Gasolina,Automático,Prata,Usado,135786,1.3,4,Hatch,3,65898
814,Volkswagen,Polo,2013,Etanol,Automático,Branco,Novo,0,1.6,4,Picape,0,35000
815,Renault,Sandero,2013,Elétrico,Automático,Prata,Usado,112225,1.4,4,Picape,3,35000
816,Jeep,Commander,2017,Gasolina,Automático,Cinza,Seminovo,167690,1.0,2,Hatch,1,35000
817,Honda,HR-V,2018,Gasolina,Automático,Branco,Seminovo,180413,1.3,4,Picape,4,39117
818,Fiat,Mobi,2013,Gasolina,Automático,Cinza,Usado,110256,1.8,2,Sedã,3,35000
819,Jeep,Wrangler,2015,Flex,Automático,Prata,Seminovo,128199,1.4,2,Sedã,3,35000
820,Toyota,Etios,2012,Híbrido,Automático,Cinza,Usado,19176,1.5,2,Sedã,4,35000
821,Volkswagen,Polo,2013,Gasolina,Manual,Branco,Seminovo,115027,3.0,2,Picape,3,35000
822,Toyota,Corolla,2018,Flex,Automático,Preto,Seminovo,131255,2.4,2,Picape,4,49221
823,Jeep,Wrangler,2025,Gasolina,Automático,Vermelho,Seminovo,89864,1.8,2,Sedã,2,89039
824,Ford,EcoSport,2025,Flex,Automático,Azul,Seminovo,123111,1.4,4,Hatch,1,68946
825,Chevrolet,Cruze,2018,Flex,Automático,Vermelho,Seminovo,59988,1.5,2,SUV,3,47120
826,Toyota,Hilux,2016,Flex,CVT,Azul,Seminovo,113541,2.0,4,Picape,3,42191
827,Nissan,Sentra,2013,Híbrido,Automático,Prata,Seminovo,147282,2.0,4,Sedã,3,35000
828,Nissan,Sentra,2023,Flex,CVT,Branco,Usado,28498,1.0,4,Hatch,1,76986
829,Jeep,Renegade,2022,Flex,Automático,Branco,Usado,60540,1.5,4,Picape,4,60907
830,Chevrolet,S10,2013,Flex,Automático,Cinza,Seminovo,6993,1.8,2,Picape,3,35000
831,Volkswagen,T-Cross,2025,Híbrido,CVT,Azul,Seminovo,13565,1.0,2,Picape,2,85182
832,Fiat,Toro,2017,Gasolina,Automático,Cinza,Seminovo,55504,2.0,2,Picape,4,38781
833,Nissan,Kicks,2018,Híbrido,Automático,Cinza,Seminovo,137187,1.3,4,Sedã,3,45342
834,Ford,Ranger,2015,Gasolina,Manual,Branco,Usado,12292,3.0,2,Sedã,4,36844
835,Ford,EcoSport,2022,Flex,Automático,Preto,Usado,82836,1.5,2,Sedã,4,63908
836,Toyota,Hilux,2013,Híbrido,Automático,Azul,Usado,34080,2.4,2,Hatch,1,35000
837,Volkswagen,T-Cross,2014,Gasolina,Automático,Prata,Usado,107445,1.3,4,Sedã,1,35000
838,Honda,City,2022,Gasolina,Automático,Cinza,Usado,216956,1.4,2,Picape,3,44075
839,Ford,Ka,2013,Elétrico,CVT,Cinza,Usado,46520,3.0,4,Hatch,1,35000
840,Jeep,Renegade,2020,Gasolina,Automático,Preto,Seminovo,35091,1.5,2,SUV,3,52732
841,Chevrolet,Onix,2023,Flex,Manual,Prata,Seminovo,96371,3.0,4,Hatch,4,89536
842,Nissan,March,2015,Etanol,Manual,Azul,Seminovo,31973,1.6,2,Picape,2,45502
843,Renault,Logan,2019,Flex,Automático,Prata,Usado,117541,1.5,4,Picape,3,56828
844,Honda,City,2014,Híbrido,CVT,Prata,Usado,163304,3.0,4,SUV,4,35000
845,Honda,Fit,2024,Flex,Automático,Prata,Seminovo,177216,1.8,4,Sedã,2,71825
846,Honda,Civic,2017,Flex,Automático,Preto,Seminovo,65987,3.0,2,SUV,4,52014
847,Jeep,Compass,2020,Etanol,Automático,Azul,Usado,155457,2.0,4,Hatch,3,53552
848,Chevrolet,Cruze,2012,Diesel,Automático,Prata,Seminovo,123694,1.4,4,Hatch,4,35000
849,Jeep,Renegade,2016,Gasolina,Automático,Vermelho,Usado,79544,1.4,4,Picape,1,39216
850,Fiat,Uno,2017,Flex,Manual,Branco,Usado,194596,1.6,4,Picape,3,35000
851,Nissan,Versa,2020,Diesel,Automático,Branco,Seminovo,134325,1.3,4,Picape,1,39413
852,Chevrolet,Onix,2025,Gasolina,Manual,Prata,Usado,64334,1.4,2,Picape,2,96180
853,Hyundai,HB20,2023,Híbrido,Manual,Branco,Seminovo,24671,1.6,4,SUV,4,75270
854,Ford,Focus,2021,Flex,Manual,Preto,Usado,171960,2.4,2,Picape,2,69779
855,Renault,Logan,2016,Flex,Automático,Preto,Seminovo,191484,1.3,4,SUV,2,35000
856,Chevrolet,Onix,2013,Elétrico,Manual,Branco,Usado,219567,2.0,2,Picape,4,35000
857,Hyundai,Creta,2025,Flex,Automático,Prata,Usado,190732,2.4,2,SUV,1,75602
858,Chevrolet,Tracker,2018,Elétrico,CVT,Vermelho,Seminovo,54270,1.3,4,Picape,4,39238
859,Volkswagen,Gol,2014,Flex,Manual,Branco,Seminovo,54028,1.6,2,Picape,4,36265
860,Fiat,Mobi,2017,Etanol,CVT,Branco,Seminovo,44484,2.0,4,Sedã,3,37182
861,Renault,Duster,2017,Gasolina,Automático,Azul,Usado,82071,1.5,4,Sedã,2,47399
862,Volkswagen,Virtus,2020,Flex,Automático,Azul,Seminovo,62561,1.3,2,Hatch,1,63044
863,Volkswagen,Polo,2013,Flex,Manual,Vermelho,Usado,107736,2.0,2,Picape,2,35000
864,Volkswagen,Virtus,2015,Gasolina,Manual,Azul,Seminovo,197382,1.0,2,SUV,2,35000
865,Jeep,Wrangler,2023,Flex,CVT,Preto,Seminovo,48685,1.4,4,Hatch,4,67352
866,Toyota,Etios,2018,Flex,Manual,Prata,Usado,183048,1.0,4,Sedã,4,39964
867,Toyota,Etios,2025,Etanol,Manual,Branco,Usado,64844,3.0,2,SUV,2,89889
868,Honda,HR-V,2024,Flex,Automático,Azul,Seminovo,178908,2.4,4,SUV,3,81819
869,Toyota,Hilux,2016,Flex,CVT,Azul,Usado,34559,1.6,2,Picape,2,40580
870,Chevrolet,Cruze,2017,Flex,Manual,Azul,Usado,99219,1.5,2,Picape,2,38941
871,Honda,HR-V,2022,Flex,CVT,Cinza,Usado,74549,1.8,4,Sedã,4,78041
872,Nissan,Sentra,2016,Gasolina,Automático,Azul,Seminovo,118628,2.4,4,Hatch,3,35000
873,Toyota,Etios,2022,Gasolina,Automático,Vermelho,Usado,84598,2.4,4,Sedã,1,72989
874,Toyota,Etios,2012,Etanol,CVT,Branco,Novo,0,1.0,4,SUV,0,35000
875,Toyota,Corolla,2016,Gasolina,CVT,Vermelho,Usado,27545,1.6,2,Sedã,2,41853
876,Jeep,Renegade,2016,Etanol,Automático,Prata,Seminovo,115772,2.0,2,Picape,3,35000
877,Jeep,Commander,2014,Flex,Automático,Prata,Usado,184128,1.5,4,Sedã,2,35000
878,Fiat,Argo,2016,Flex,Manual,Azul,Seminovo,103557,2.0,2,Sedã,2,42469
879,Renault,Duster,2020,Híbrido,Automático,Cinza,Seminovo,115233,2.0,4,Picape,1,64595
880,Toyota,Etios,2013,Diesel,Automático,Prata,Usado,38364,3.0,4,SUV,1,35796
881,Ford,EcoSport,2022,Gasolina,CVT,Vermelho,Seminovo,27192,1.0,4,Hatch,1,66251
882,Jeep,Renegade,2025,Etanol,Automático,Prata,Usado,199110,3.0,2,Hatch,2,92987
883,Ford,EcoSport,2014,Etanol,Automático,Preto,Seminovo,193518,1.0,4,SUV,2,35000
884,Honda,Civic,2014,Flex,Manual,Branco,Seminovo,129188,1.0,4,Hatch,4,35000
885,Honda,HR-V,2018,Flex,Manual,Preto,Usado,165631,2.4,2,SUV,4,39641
886,Toyota,Yaris,2014,Diesel,Automático,Preto,Usado,129822,2.4,4,Sedã,3,37587
887,Honda,City,2017,Flex,Automático,Azul,Usado,114286,2.0,2,Picape,1,39144
888,Renault,Kwid,2021,Flex,Automático,Branco,Usado,16175,1.8,2,Picape,4,81599
889,Renault,Duster,2012,Elétrico,Automático,Vermelho,Seminovo,139491,1.3,2,Picape,2,35000
890,Jeep,Commander,2019,Flex,Automático,Prata,Usado,108266,1.3,4,SUV,4,50496
891,Jeep,Compass,2021,Flex,Automático,Azul,Usado,187915,1.8,4,Sedã,4,46380
892,Toyota,Corolla,2025,Flex,Manual,Azul,Seminovo,89845,1.5,2,Picape,1,77013
893,Nissan,March,2013,Gasolina,Manual,Branco,Usado,120744,1.8,2,Hatch,2,35000
894,Honda,City,2018,Gasolina,Automático,Vermelho,Seminovo,133739,2.4,4,SUV,2,43992
895,Ford,EcoSport,2025,Flex,Automático,Branco,Usado,58356,1.0,2,Hatch,1,81113
896,Nissan,Versa,2017,Gasolina,Automático,Azul,Usado,54843,1.5,4,Picape,3,41793
897,Jeep,Compass,2024,Gasolina,Automático,Cinza,Usado,38342,3.0,4,Hatch,1,87296
898,Renault,Sandero,2012,Flex,Manual,Preto,Usado,70898,2.0,4,SUV,1,35000
899,Volkswagen,Gol,2020,Flex,CVT,Vermelho,Usado,167174,1.0,2,Picape,4,41745
900,Toyota,Corolla,2017,Flex,Manual,Branco,Seminovo,203533,1.0,2,SUV,4,35000
901,Jeep,Renegade,2017,Elétrico,CVT,Vermelho,Usado,149552,2.4,2,Hatch,3,54337
902,Toyota,Corolla,2012,Flex,Manual,Prata,Seminovo,209876,1.5,2,SUV,1,35000
903,Chevrolet,S10,2022,Flex,Manual,Cinza,Novo,0,1.4,4,Picape,0,84081
904,Nissan,Kicks,2013,Flex,CVT,Prata,Seminovo,119432,1.0,2,SUV,2,35000
905,Jeep,Renegade,2015,Flex,Automático,Vermelho,Usado,193698,1.5,2,Hatch,1,35000
906,Ford,EcoSport,2014,Etanol,Manual,Vermelho,Usado,81654,1.4,4,Sedã,4,35000
907,Honda,Civic,2013,Etanol,Automático,Cinza,Usado,62746,2.4,4,SUV,3,35000
908,Volkswagen,Polo,2020,Híbrido,Manual,Vermelho,Usado,95868,2.0,4,Hatch,3,50400
909,Chevrolet,Cruze,2025,Elétrico,Manual,Azul,Usado,102619,1.4,2,Hatch,2,92273
910,Renault,Logan,2013,Gasolina,CVT,Prata,Seminovo,83751,1.3,2,Picape,3,35000
911,Nissan,March,2012,Híbrido,Automático,Branco,Seminovo,53346,2.0,2,Picape,3,35000
912,Fiat,Toro,2012,Híbrido,Automático,Prata,Usado,217400,1.5,2,SUV,3,35000
913,Jeep,Wrangler,2025,Flex,Automático,Azul,Usado,150042,2.0,4,Hatch,4,84884
914,Jeep,Commander,2014,Elétrico,Automático,Preto,Seminovo,78583,1.6,2,Hatch,2,35000
915,Volkswagen,T-Cross,2021,Flex,Automático,Prata,Seminovo,210108,1.0,2,SUV,3,53817
916,Hyundai,Tucson,2025,Gasolina,Automático,Cinza,Novo,0,1.8,4,Hatch,0,102097
917,Fiat,Argo,2018,Gasolina,CVT,Prata,Usado,21788,2.4,2,SUV,3,55404
918,Volkswagen,Virtus,2014,Etanol,Manual,Vermelho,Usado,35001,1.0,2,Sedã,4,35000
919,Hyundai,HB20,2020,Flex,Manual,Azul,Usado,9225,1.8,2,SUV,2,64421
920,Honda,Civic,2020,Flex,Automático,Preto,Seminovo,183524,2.0,2,SUV,4,50094
921,Ford,Ka,2017,Flex,Automático,Cinza,Usado,128387,1.6,2,SUV,2,37197
922,Toyota,Hilux,2014,Híbrido,Manual,Vermelho,Seminovo,138902,3.0,4,SUV,2,35000
923,Jeep,Renegade,2022,Flex,Automático,Azul,Novo,0,1.5,4,Hatch,0,79660
924,Honda,Civic,2021,Flex,Automático,Cinza,Seminovo,155796,1.6,2,Sedã,3,52901
925,Hyundai,Creta,2019,Flex,CVT,Azul,Seminovo,99864,1.3,4,Picape,1,47581
926,Renault,Sandero,2019,Diesel,Manual,Preto,Usado,208541,2.0,2,Sedã,3,42716
927,Hyundai,Tucson,2013,Gasolina,Automático,Preto,Usado,52163,2.4,2,Sedã,2,35000
928,Nissan,Sentra,2024,Flex,CVT,Azul,Seminovo,118094,1.0,2,Hatch,1,63389
929,Fiat,Mobi,2018,Flex,Automático,Vermelho,Seminovo,36202,1.8,4,SUV,1,63467
930,Toyota,Corolla,2023,Híbrido,CVT,Cinza,Usado,80835,2.4,2,Picape,2,92847
931,Jeep,Renegade,2014,Híbrido,Automático,Prata,Usado,104450,1.8,4,Picape,2,35000
932,Jeep,Commander,2024,Gasolina,Manual,Prata,Novo,0,1.6,4,Picape,0,86485
933,Hyundai,Creta,2014,Gasolina,CVT,Azul,Seminovo,155768,1.8,2,SUV,3,35000
934,Ford,Ka,2016,Etanol,Automático,Preto,Seminovo,163903,1.3,2,SUV,3,35000
935,Honda,Fit,2020,Diesel,Automático,Branco,Usado,146513,3.0,2,Hatch,1,68780
936,Toyota,Hilux,2015,Etanol,CVT,Cinza,Usado,123973,1.6,2,Sedã,1,35000
937,Nissan,March,2016,Gasolina,Manual,Prata,Usado,97725,1.3,2,Hatch,1,35000
938,Ford,Ranger,2016,Flex,Automático,Azul,Usado,15055,2.0,2,SUV,3,38533
939,Fiat,Uno,2022,Flex,Manual,Vermelho,Seminovo,181514,1.5,4,Sedã,4,52440
940,Renault,Sandero,2023,Flex,Manual,Azul,Usado,5838,2.0,2,Sedã,4,89807
941,Jeep,Compass,2023,Gasolina,Automático,Prata,Usado,172173,1.8,4,Sedã,2,66259
942,Chevrolet,Tracker,2022,Flex,Automático,Cinza,Usado,82441,1.3,2,Picape,1,63017
943,Nissan,March,2017,Etanol,Automático,Preto,Seminovo,178175,1.3,4,SUV,4,41541
944,Ford,EcoSport,2025,Diesel,Automático,Cinza,Usado,81265,1.6,2,Hatch,4,74890
945,Fiat,Toro,2016,Flex,Automático,Cinza,Seminovo,19321,1.6,4,SUV,2,39489
946,Toyota,Hilux,2019,Flex,Automático,Preto,Usado,165773,1.8,2,Hatch,1,58603
947,Toyota,Etios,2013,Diesel,Manual,Prata,Usado,176686,1.0,2,Hatch,3,35000
948,Chevrolet,Cruze,2025,Flex,CVT,Preto,Seminovo,103010,1.8,4,Sedã,2,91078
949,Chevrolet,Onix,2012,Diesel,Automático,Vermelho,Seminovo,212445,2.4,2,Picape,2,35000
950,Volkswagen,Gol,2015,Flex,Automático,Branco,Seminovo,218121,2.0,4,Hatch,2,35000
951,Honda,Civic,2013,Flex,Automático,Azul,Seminovo,199681,3.0,2,Hatch,1,35000
952,Nissan,Kicks,2025,Flex,Manual,Prata,Seminovo,84207,1.6,4,Hatch,2,75929
953,Volkswagen,Virtus,2018,Etanol,Manual,Cinza,Usado,79559,3.0,2,Picape,4,47699
954,Renault,Logan,2017,Diesel,Automático,Cinza,Seminovo,109162,1.5,4,Hatch,3,41390
955,Jeep,Renegade,2022,Flex,Manual,Azul,Usado,152032,1.4,2,Hatch,4,68381
956,Chevrolet,Onix,2014,Flex,CVT,Vermelho,Usado,20448,2.4,4,Sedã,4,35000
957,Hyundai,Creta,2012,Flex,Automático,Cinza,Usado,185983,1.5,4,SUV,4,35000
958,Chevrolet,Tracker,2019,Flex,Automático,Azul,Usado,32536,2.0,2,Hatch,4,51567
959,Toyota,Yaris,2020,Flex,Manual,Cinza,Usado,15239,2.0,4,Hatch,2,74798
960,Fiat,Mobi,2014,Flex,Automático,Cinza,Novo,0,2.0,4,Hatch,0,46091
961,Volkswagen,T-Cross,2021,Híbrido,Automático,Preto,Seminovo,215452,1.8,4,Sedã,4,57130
962,Chevrolet,Tracker,2023,Flex,CVT,Preto,Seminovo,7574,1.8,4,Picape,2,74520
963,Renault,Kwid,2012,Flex,Manual,Azul,Seminovo,91778,1.3,2,Picape,4,35000
964,Ford,Ka,2017,Flex,CVT,Prata,Usado,76979,1.6,4,Sedã,3,41275
965,Jeep,Wrangler,2016,Flex,Automático,Preto,Novo,0,1.3,2,Sedã,0,36374
966,Ford,Ranger,2021,Gasolina,Automático,Vermelho,Usado,91549,1.6,4,Picape,2,55584
967,Toyota,Yaris,2015,Gasolina,CVT,Preto,Seminovo,5064,1.8,2,Picape,1,35000
968,Fiat,Mobi,2018,Flex,Manual,Vermelho,Usado,151838,2.0,4,Sedã,4,55494
969,Renault,Duster,2016,Diesel,Manual,Branco,Usado,48546,1.6,2,Sedã,4,44382
970,Renault,Logan,2023,Diesel,Automático,Vermelho,Usado,51664,1.0,4,SUV,4,80821
971,Hyundai,i30,2015,Flex,CVT,Preto,Seminovo,200986,1.0,2,Sedã,4,35000
972,Fiat,Argo,2012,Flex,Manual,Prata,Usado,164062,1.6,2,Hatch,3,35000
973,Renault,Logan,2012,Elétrico,Automático,Prata,Usado,193227,2.4,4,Hatch,4,35000
974,Renault,Kwid,2012,Flex,Automático,Azul,Seminovo,39510,1.3,4,Sedã,1,35000
975,Renault,Kwid,2017,Gasolina,Automático,Preto,Usado,92206,1.8,2,Hatch,3,46742
976,Toyota,Etios,2018,Diesel,Automático,Branco,Seminovo,196091,1.6,2,Sedã,2,39741
977,Toyota,Hilux,2021,Gasolina,Automático,Preto,Usado,86569,1.6,4,Hatch,1,61662
978,Renault,Kwid,2021,Híbrido,Manual,Branco,Seminovo,53669,1.8,2,Hatch,2,55248
979,Chevrolet,Tracker,2019,Gasolina,Automático,Preto,Seminovo,200928,1.4,4,Sedã,1,40954
980,Volkswagen,Polo,2016,Gasolina,Manual,Preto,Usado,57225,1.4,4,SUV,3,46379
981,Renault,Duster,2013,Flex,Automático,Prata,Usado,170419,1.4,2,Picape,4,35000
982,Fiat,Argo,2023,Flex,Automático,Azul,Usado,94700,3.0,4,Sedã,1,90242
983,Chevrolet,Tracker,2015,Flex,Manual,Branco,Usado,129573,1.4,4,Sedã,3,35000
984,Jeep,Wrangler,2022,Flex,Manual,Azul,Seminovo,7070,1.4,4,SUV,4,71501
985,Hyundai,HB20,2014,Híbrido,Manual,Cinza,Usado,120083,2.4,4,Hatch,4,35000
986,Chevrolet,Tracker,2023,Flex,Manual,Azul,Seminovo,66421,3.0,2,Hatch,4,89641
987,Volkswagen,Virtus,2021,Gasolina,Automático,Prata,Usado,153894,1.4,2,Sedã,3,45050
988,Honda,HR-V,2024,Diesel,CVT,Cinza,Seminovo,5221,1.4,2,Picape,2,81554
989,Volkswagen,Gol,2014,Etanol,Manual,Branco,Usado,184493,3.0,4,Sedã,1,35000
990,Ford,Ranger,2013,Flex,Automático,Azul,Seminovo,180226,2.0,4,Picape,2,35000
991,Nissan,Kicks,2017,Diesel,Manual,Prata,Usado,161483,2.0,2,Picape,3,42081
992,Jeep,Renegade,2015,Híbrido,Manual,Preto,Seminovo,136453,1.0,4,SUV,1,35000
993,Chevrolet,Cruze,2019,Gasolina,Manual,Cinza,Seminovo,176453,1.4,4,Picape,2,39820
994,Volkswagen,Virtus,2022,Diesel,Manual,Cinza,Seminovo,183871,3.0,2,Picape,4,63497
995,Hyundai,HB20,2022,Híbrido,CVT,Branco,Seminovo,155649,3.0,4,Sedã,4,63427
996,Renault,Logan,2018,Diesel,Manual,Prata,Usado,163239,2.4,4,Hatch,4,58371
997,Hyundai,Tucson,2013,Diesel,CVT,Vermelho,Usado,44423,1.0,4,Hatch,3,35000
998,Fiat,Mobi,2018,Gasolina,Manual,Branco,Usado,101234,1.0,4,Picape,3,41350
999,Hyundai,Tucson,2024,Diesel,Automático,Preto,Seminovo,9592,2.4,4,Picape,3,101171
1000,Toyota,Corolla,2017,Flex,Automático,Cinza,Seminovo,145243,1.3,2,Hatch,2,41819
